id_pub,anio,mes,cuenca,contrato,precio_distribuidora,precio_gnc,precio_usina,precio_industria,precio_otros,precio_ppp,precio_expo,indice_tiempo
1,2019,1,Austral Santa Cruz,FIRME,3.56,3.43,3.10,3.27,3.75,3.30,2.00,2019-01
2,2019,1,Austral Santa Cruz,INTERRUMPIBLE,3.04,3.54,2.29,2.38,0.00,2.39,3.25,2019-01
3,2019,1,Austral Santa Cruz,TOTAL,3.40,3.44,2.65,3.13,3.75,3.03,3.08,2019-01
4,2019,1,Austral Tierra del Fuego,FIRME,3.66,3.33,3.30,3.39,0.00,3.45,0.00,2019-01
5,2019,1,Austral Tierra del Fuego,INTERRUMPIBLE,3.43,0.00,2.33,2.28,0.00,2.37,3.49,2019-01
6,2019,1,Austral Tierra del Fuego,TOTAL,3.66,3.33,2.81,3.36,0.00,3.19,3.49,2019-01
7,2019,1,Golfo de San Jorge,FIRME,4.75,3.43,2.84,3.91,0.00,3.96,0.00,2019-01
8,2019,1,Golfo de San Jorge,INTERRUMPIBLE,0.00,0.00,2.88,3.15,0.00,2.96,5.22,2019-01
9,2019,1,Golfo de San Jorge,TOTAL,4.75,3.43,2.87,3.85,0.00,3.79,5.22,2019-01
10,2019,1,Neuquina,FIRME,3.86,3.63,3.67,3.73,3.63,3.72,0.00,2019-01
11,2019,1,Neuquina,INTERRUMPIBLE,3.67,3.69,2.61,2.85,0.00,2.70,4.25,2019-01
12,2019,1,Neuquina,TOTAL,3.84,3.64,2.98,3.61,3.63,3.36,4.25,2019-01
13,2019,1,Noroeste,FIRME,3.83,3.88,0.00,4.79,0.00,4.51,0.00,2019-01
14,2019,1,Noroeste,INTERRUMPIBLE,0.00,4.30,3.29,4.88,0.00,3.81,0.00,2019-01
15,2019,1,Noroeste,TOTAL,3.83,3.95,3.29,4.81,0.00,4.25,0.00,2019-01
16,2019,1,Total Cuenca,FIRME,3.83,3.56,3.50,3.72,3.74,3.68,2.00,2019-01
17,2019,1,Total Cuenca,INTERRUMPIBLE,3.46,3.76,2.58,3.01,0.00,2.70,3.99,2019-01
18,2019,1,Total Cuenca,TOTAL,3.80,3.58,2.92,3.63,3.74,3.37,3.92,2019-01
19,2019,2,Austral Santa Cruz,FIRME,3.43,3.29,2.81,3.38,3.42,3.27,0.00,2019-02
20,2019,2,Austral Santa Cruz,INTERRUMPIBLE,3.65,0.00,2.20,2.36,0.00,2.34,3.00,2019-02
21,2019,2,Austral Santa Cruz,TOTAL,3.48,3.29,2.45,3.29,3.42,3.01,3.00,2019-02
22,2019,2,Austral Tierra del Fuego,FIRME,3.65,3.19,3.00,3.50,0.00,3.36,0.00,2019-02
23,2019,2,Austral Tierra del Fuego,INTERRUMPIBLE,3.52,0.00,2.15,2.52,0.00,2.23,3.22,2019-02
24,2019,2,Austral Tierra del Fuego,TOTAL,3.65,3.19,2.66,3.48,0.00,3.15,3.22,2019-02
25,2019,2,Golfo de San Jorge,FIRME,4.71,3.21,2.38,3.92,0.00,3.81,0.00,2019-02
26,2019,2,Golfo de San Jorge,INTERRUMPIBLE,4.60,0.00,2.85,2.90,0.00,2.89,5.22,2019-02
27,2019,2,Golfo de San Jorge,TOTAL,4.71,3.21,2.62,3.87,0.00,3.65,5.22,2019-02
28,2019,2,Neuquina,FIRME,3.87,3.40,3.50,3.66,3.57,3.63,0.00,2019-02
29,2019,2,Neuquina,INTERRUMPIBLE,4.53,3.30,2.27,2.83,0.00,2.38,4.73,2019-02
30,2019,2,Neuquina,TOTAL,3.88,3.39,2.62,3.55,3.57,3.16,4.73,2019-02
31,2019,2,Noroeste,FIRME,3.83,3.77,3.38,4.77,0.00,4.46,0.00,2019-02
32,2019,2,Noroeste,INTERRUMPIBLE,0.00,0.00,3.13,4.99,0.00,3.81,0.00,2019-02
33,2019,2,Noroeste,TOTAL,3.83,3.77,3.14,4.82,0.00,4.25,0.00,2019-02
34,2019,2,Total Cuenca,FIRME,3.83,3.36,3.21,3.69,3.43,3.59,0.00,2019-02
35,2019,2,Total Cuenca,INTERRUMPIBLE,3.84,3.30,2.29,3.04,0.00,2.44,4.45,2019-02
36,2019,2,Total Cuenca,TOTAL,3.83,3.36,2.63,3.62,3.43,3.22,4.44,2019-02
37,2019,3,Austral Santa Cruz,FIRME,3.37,3.05,2.61,3.29,3.32,3.16,3.60,2019-03
38,2019,3,Austral Santa Cruz,INTERRUMPIBLE,3.34,0.00,2.07,2.30,0.00,2.25,3.05,2019-03
39,2019,3,Austral Santa Cruz,TOTAL,3.36,3.05,2.34,3.19,3.32,2.95,3.27,2019-03
40,2019,3,Austral Tierra del Fuego,FIRME,3.67,2.93,2.76,3.27,0.00,3.19,0.00,2019-03
41,2019,3,Austral Tierra del Fuego,INTERRUMPIBLE,3.54,0.00,2.14,2.21,0.00,2.26,2.72,2019-03
42,2019,3,Austral Tierra del Fuego,TOTAL,3.66,2.93,2.54,3.20,0.00,3.02,2.72,2019-03
43,2019,3,Golfo de San Jorge,FIRME,3.80,3.12,2.23,3.93,0.00,3.49,0.00,2019-03
44,2019,3,Golfo de San Jorge,INTERRUMPIBLE,0.00,0.00,0.00,2.95,0.00,2.95,5.22,2019-03
45,2019,3,Golfo de San Jorge,TOTAL,3.80,3.12,2.23,3.89,0.00,3.48,5.22,2019-03
46,2019,3,Neuquina,FIRME,3.88,3.29,3.19,3.74,3.58,3.61,0.00,2019-03
47,2019,3,Neuquina,INTERRUMPIBLE,3.76,2.98,2.22,2.67,0.00,2.35,4.65,2019-03
48,2019,3,Neuquina,TOTAL,3.88,3.27,2.68,3.60,3.58,3.30,4.65,2019-03
49,2019,3,Noroeste,FIRME,3.83,3.64,3.17,4.72,0.00,4.43,0.00,2019-03
50,2019,3,Noroeste,INTERRUMPIBLE,0.00,0.00,3.09,4.82,0.00,3.81,0.00,2019-03
51,2019,3,Noroeste,TOTAL,3.83,3.64,3.10,4.73,0.00,4.28,0.00,2019-03
52,2019,3,Total Cuenca,FIRME,3.78,3.23,2.95,3.70,3.35,3.51,3.60,2019-03
53,2019,3,Total Cuenca,INTERRUMPIBLE,3.53,2.98,2.22,2.81,0.00,2.40,4.11,2019-03
54,2019,3,Total Cuenca,TOTAL,3.77,3.21,2.61,3.60,3.35,3.27,4.07,2019-03
55,2019,4,Austral Santa Cruz,FIRME,3.85,2.96,2.69,3.24,2.23,3.13,3.60,2019-04
56,2019,4,Austral Santa Cruz,INTERRUMPIBLE,1.74,0.00,1.72,1.99,0.00,1.83,3.06,2019-04
57,2019,4,Austral Santa Cruz,TOTAL,3.32,2.96,2.27,2.96,2.23,2.77,3.46,2019-04
58,2019,4,Austral Tierra del Fuego,FIRME,4.21,3.01,3.14,3.10,0.00,3.41,0.00,2019-04
59,2019,4,Austral Tierra del Fuego,INTERRUMPIBLE,4.22,0.00,2.15,2.52,0.00,2.21,3.34,2019-04
60,2019,4,Austral Tierra del Fuego,TOTAL,4.21,3.01,2.79,3.05,0.00,3.21,3.34,2019-04
61,2019,4,Golfo de San Jorge,FIRME,4.65,3.29,2.61,3.91,0.00,3.99,0.00,2019-04
62,2019,4,Golfo de San Jorge,INTERRUMPIBLE,3.32,0.00,2.33,2.55,0.00,2.52,5.22,2019-04
63,2019,4,Golfo de San Jorge,TOTAL,4.43,3.29,2.40,3.86,0.00,3.65,5.22,2019-04
64,2019,4,Neuquina,FIRME,4.42,3.47,3.86,3.69,3.62,3.88,0.00,2019-04
65,2019,4,Neuquina,INTERRUMPIBLE,3.25,3.40,2.22,2.44,0.00,2.30,4.59,2019-04
66,2019,4,Neuquina,TOTAL,4.37,3.47,2.75,3.54,3.62,3.43,4.59,2019-04
67,2019,4,Noroeste,FIRME,4.55,3.50,0.00,4.74,0.00,4.61,0.00,2019-04
68,2019,4,Noroeste,INTERRUMPIBLE,4.73,0.00,3.33,4.64,0.00,4.21,0.00,2019-04
69,2019,4,Noroeste,TOTAL,4.58,3.50,3.33,4.71,0.00,4.49,0.00,2019-04
70,2019,4,Total Cuenca,FIRME,4.36,3.36,3.44,3.63,2.32,3.76,3.60,2019-04
71,2019,4,Total Cuenca,INTERRUMPIBLE,3.02,3.40,2.22,2.67,0.00,2.36,4.31,2019-04
72,2019,4,Total Cuenca,TOTAL,4.28,3.36,2.72,3.51,2.32,3.39,4.19,2019-04
73,2019,5,Austral Santa Cruz,FIRME,3.93,3.55,2.20,3.18,2.23,3.28,4.42,2019-05
74,2019,5,Austral Santa Cruz,INTERRUMPIBLE,3.34,0.00,2.45,2.33,0.00,2.43,3.37,2019-05
75,2019,5,Austral Santa Cruz,TOTAL,3.91,3.55,2.33,3.03,2.23,3.14,3.97,2019-05
76,2019,5,Austral Tierra del Fuego,FIRME,3.76,3.61,2.45,3.20,0.00,3.31,0.00,2019-05
77,2019,5,Austral Tierra del Fuego,INTERRUMPIBLE,0.00,0.00,2.46,2.39,0.00,2.45,3.21,2019-05
78,2019,5,Austral Tierra del Fuego,TOTAL,3.76,3.61,2.45,3.11,0.00,3.15,3.21,2019-05
79,2019,5,Golfo de San Jorge,FIRME,4.32,3.62,2.55,4.26,0.00,4.10,0.00,2019-05
80,2019,5,Golfo de San Jorge,INTERRUMPIBLE,3.37,0.00,3.72,2.50,0.00,3.29,0.00,2019-05
81,2019,5,Golfo de San Jorge,TOTAL,4.27,3.62,2.70,4.23,0.00,4.07,0.00,2019-05
82,2019,5,Neuquina,FIRME,4.31,4.07,2.88,4.01,3.54,4.12,0.00,2019-05
83,2019,5,Neuquina,INTERRUMPIBLE,4.21,4.38,2.26,2.85,0.00,2.43,4.33,2019-05
84,2019,5,Neuquina,TOTAL,4.30,4.08,2.31,3.90,3.54,3.71,4.33,2019-05
85,2019,5,Noroeste,FIRME,4.52,3.75,3.77,4.80,0.00,4.70,0.00,2019-05
86,2019,5,Noroeste,INTERRUMPIBLE,0.00,0.00,3.70,4.89,0.00,4.50,0.00,2019-05
87,2019,5,Noroeste,TOTAL,4.52,3.75,3.70,4.82,0.00,4.66,0.00,2019-05
88,2019,5,Total Cuenca,FIRME,4.17,3.94,2.52,3.89,2.31,3.91,4.42,2019-05
89,2019,5,Total Cuenca,INTERRUMPIBLE,4.02,4.38,2.34,2.94,0.00,2.52,3.93,2019-05
90,2019,5,Total Cuenca,TOTAL,4.17,3.95,2.38,3.80,2.31,3.62,3.98,2019-05
91,2019,6,Austral Santa Cruz,FIRME,3.20,3.73,2.50,3.21,3.69,3.10,5.12,2019-06
92,2019,6,Austral Santa Cruz,INTERRUMPIBLE,3.15,0.00,3.55,3.81,0.00,3.68,3.35,2019-06
93,2019,6,Austral Santa Cruz,TOTAL,3.20,3.73,2.53,3.23,3.69,3.11,4.52,2019-06
94,2019,6,Austral Tierra del Fuego,FIRME,3.42,3.30,2.54,3.19,0.00,3.16,0.00,2019-06
95,2019,6,Austral Tierra del Fuego,INTERRUMPIBLE,0.00,0.00,3.07,3.57,0.00,3.17,3.21,2019-06
96,2019,6,Austral Tierra del Fuego,TOTAL,3.42,3.30,2.65,3.22,0.00,3.16,3.21,2019-06
97,2019,6,Golfo de San Jorge,FIRME,3.81,3.36,3.03,3.99,0.00,3.87,0.00,2019-06
98,2019,6,Golfo de San Jorge,INTERRUMPIBLE,0.00,0.00,4.07,0.00,0.00,4.07,0.00,2019-06
99,2019,6,Golfo de San Jorge,TOTAL,3.81,3.36,3.45,3.99,0.00,3.87,0.00,2019-06
100,2019,6,Neuquina,FIRME,3.48,3.93,3.24,4.03,3.51,3.68,0.00,2019-06
101,2019,6,Neuquina,INTERRUMPIBLE,3.71,4.06,2.60,3.82,0.00,3.28,4.48,2019-06
102,2019,6,Neuquina,TOTAL,3.49,3.93,2.89,3.99,3.51,3.61,4.48,2019-06
103,2019,6,Noroeste,FIRME,3.76,3.83,2.89,4.84,0.00,4.57,0.00,2019-06
104,2019,6,Noroeste,INTERRUMPIBLE,0.00,0.00,4.03,4.94,0.00,4.86,0.00,2019-06
105,2019,6,Noroeste,TOTAL,3.76,3.83,3.76,4.86,0.00,4.61,0.00,2019-06
106,2019,6,Total Cuenca,FIRME,3.47,3.77,2.81,3.90,3.68,3.56,5.12,2019-06
107,2019,6,Total Cuenca,INTERRUMPIBLE,3.71,4.06,2.75,3.92,0.00,3.35,4.12,2019-06
108,2019,6,Total Cuenca,TOTAL,3.48,3.78,2.79,3.90,3.68,3.54,4.24,2019-06
109,2019,7,Austral Santa Cruz,FIRME,3.09,3.56,2.30,3.24,4.43,3.10,5.04,2019-07
110,2019,7,Austral Santa Cruz,INTERRUMPIBLE,3.62,0.00,2.59,3.76,0.00,3.15,3.38,2019-07
111,2019,7,Austral Santa Cruz,TOTAL,3.13,3.56,2.33,3.25,4.43,3.10,5.02,2019-07
112,2019,7,Austral Tierra del Fuego,FIRME,3.34,2.70,2.54,3.08,0.00,3.06,0.00,2019-07
113,2019,7,Austral Tierra del Fuego,INTERRUMPIBLE,3.61,0.00,3.00,3.60,0.00,3.15,3.21,2019-07
114,2019,7,Austral Tierra del Fuego,TOTAL,3.34,2.70,2.63,3.13,0.00,3.07,3.21,2019-07
115,2019,7,Golfo de San Jorge,FIRME,3.72,3.11,3.21,4.01,0.00,3.87,0.00,2019-07
116,2019,7,Golfo de San Jorge,INTERRUMPIBLE,3.68,0.00,3.81,0.00,0.00,3.81,0.00,2019-07
117,2019,7,Golfo de San Jorge,TOTAL,3.72,3.11,3.74,4.01,0.00,3.86,0.00,2019-07
118,2019,7,Neuquina,FIRME,3.40,3.14,3.25,3.91,3.62,3.53,0.00,2019-07
119,2019,7,Neuquina,INTERRUMPIBLE,3.98,3.15,2.85,4.00,0.00,3.63,4.55,2019-07
120,2019,7,Neuquina,TOTAL,3.45,3.14,3.10,3.93,3.62,3.55,4.55,2019-07
121,2019,7,Noroeste,FIRME,3.71,3.06,4.58,4.82,0.00,4.50,0.00,2019-07
122,2019,7,Noroeste,INTERRUMPIBLE,0.00,0.00,3.77,4.97,0.00,4.37,0.00,2019-07
123,2019,7,Noroeste,TOTAL,3.71,3.06,3.92,4.84,0.00,4.48,0.00,2019-07
124,2019,7,Total Cuenca,FIRME,3.39,3.04,2.82,3.82,4.39,3.45,5.04,2019-07
125,2019,7,Total Cuenca,INTERRUMPIBLE,3.96,3.15,3.04,4.03,0.00,3.60,4.53,2019-07
126,2019,7,Total Cuenca,TOTAL,3.43,3.05,2.89,3.85,4.39,3.47,4.63,2019-07
127,2019,8,Austral Santa Cruz,FIRME,3.01,2.80,2.87,3.23,3.76,3.13,4.93,2019-08
128,2019,8,Austral Santa Cruz,INTERRUMPIBLE,2.66,0.00,2.46,3.27,0.00,2.64,0.00,2019-08
129,2019,8,Austral Santa Cruz,TOTAL,3.01,2.80,2.74,3.23,3.76,3.07,4.93,2019-08
130,2019,8,Austral Tierra del Fuego,FIRME,3.38,2.83,2.38,3.22,0.00,3.10,0.00,2019-08
131,2019,8,Austral Tierra del Fuego,INTERRUMPIBLE,2.45,7.52,2.88,3.20,0.00,2.95,0.00,2019-08
132,2019,8,Austral Tierra del Fuego,TOTAL,3.38,2.83,2.48,3.21,0.00,3.09,0.00,2019-08
133,2019,8,Golfo de San Jorge,FIRME,3.49,3.02,2.78,4.02,0.00,3.68,0.00,2019-08
134,2019,8,Golfo de San Jorge,INTERRUMPIBLE,2.45,0.00,3.86,0.00,0.00,3.80,0.00,2019-08
135,2019,8,Golfo de San Jorge,TOTAL,3.48,3.02,3.05,4.02,0.00,3.69,0.00,2019-08
136,2019,8,Neuquina,FIRME,3.26,3.15,3.05,3.92,3.47,3.46,0.00,2019-08
137,2019,8,Neuquina,INTERRUMPIBLE,3.53,3.23,2.76,3.69,0.00,3.08,4.39,2019-08
138,2019,8,Neuquina,TOTAL,3.28,3.16,2.86,3.89,3.47,3.38,4.39,2019-08
139,2019,8,Noroeste,FIRME,3.60,3.08,4.76,4.82,0.00,4.49,0.00,2019-08
140,2019,8,Noroeste,INTERRUMPIBLE,4.95,0.00,3.84,4.53,0.00,4.56,0.00,2019-08
141,2019,8,Noroeste,TOTAL,3.98,3.08,4.42,4.77,0.00,4.50,0.00,2019-08
142,2019,8,Total Cuenca,FIRME,3.30,3.07,2.78,3.85,3.75,3.41,4.93,2019-08
143,2019,8,Total Cuenca,INTERRUMPIBLE,3.73,3.23,2.78,3.72,0.00,3.13,4.39,2019-08
144,2019,8,Total Cuenca,TOTAL,3.31,3.08,2.78,3.83,3.75,3.36,4.47,2019-08
145,2019,9,Austral Santa Cruz,FIRME,2.99,2.87,2.17,2.94,3.27,2.79,3.91,2019-09
146,2019,9,Austral Santa Cruz,INTERRUMPIBLE,3.13,0.00,1.87,2.10,2.75,2.01,0.00,2019-09
147,2019,9,Austral Santa Cruz,TOTAL,3.00,2.87,2.05,2.90,3.25,2.65,3.91,2019-09
148,2019,9,Austral Tierra del Fuego,FIRME,3.25,2.87,2.20,2.81,0.00,2.88,0.00,2019-09
149,2019,9,Austral Tierra del Fuego,INTERRUMPIBLE,3.02,2.61,2.02,3.05,0.00,2.46,0.00,2019-09
150,2019,9,Austral Tierra del Fuego,TOTAL,3.17,2.76,2.08,2.87,0.00,2.69,0.00,2019-09
151,2019,9,Golfo de San Jorge,FIRME,3.52,3.04,2.22,3.52,0.00,3.38,0.00,2019-09
152,2019,9,Golfo de San Jorge,INTERRUMPIBLE,2.98,0.00,3.26,3.30,0.00,3.10,0.00,2019-09
153,2019,9,Golfo de San Jorge,TOTAL,3.50,3.04,2.31,3.52,0.00,3.37,0.00,2019-09
154,2019,9,Neuquina,FIRME,3.24,3.12,2.01,3.68,3.53,3.35,4.49,2019-09
155,2019,9,Neuquina,INTERRUMPIBLE,3.30,3.03,2.11,2.43,0.00,2.49,4.49,2019-09
156,2019,9,Neuquina,TOTAL,3.25,3.09,2.09,3.46,3.53,3.07,4.49,2019-09
157,2019,9,Noroeste,FIRME,3.59,3.00,3.36,4.75,0.00,4.39,0.00,2019-09
158,2019,9,Noroeste,INTERRUMPIBLE,0.00,0.00,3.25,4.35,0.00,3.93,0.00,2019-09
159,2019,9,Noroeste,TOTAL,3.59,3.00,3.27,4.67,0.00,4.28,0.00,2019-09
160,2019,9,Total Cuenca,FIRME,3.25,3.07,2.15,3.59,3.28,3.26,4.00,2019-09
161,2019,9,Total Cuenca,INTERRUMPIBLE,3.19,2.94,2.09,2.75,2.75,2.50,4.49,2019-09
162,2019,9,Total Cuenca,TOTAL,3.24,3.03,2.11,3.45,3.26,3.02,4.47,2019-09
163,2019,10,Austral Santa Cruz,FIRME,2.96,2.89,2.26,2.19,3.31,2.40,3.19,2019-10
164,2019,10,Austral Santa Cruz,INTERRUMPIBLE,2.63,0.00,1.79,1.59,0.00,1.79,3.14,2019-10
165,2019,10,Austral Santa Cruz,TOTAL,2.95,2.89,2.02,2.16,3.31,2.25,3.18,2019-10
166,2019,10,Austral Tierra del Fuego,FIRME,2.92,2.66,2.06,2.19,0.00,2.49,0.00,2019-10
167,2019,10,Austral Tierra del Fuego,INTERRUMPIBLE,0.00,0.00,2.04,1.88,0.00,2.00,3.21,2019-10
168,2019,10,Austral Tierra del Fuego,TOTAL,2.92,2.66,2.04,2.08,0.00,2.29,3.21,2019-10
169,2019,10,Golfo de San Jorge,FIRME,3.11,3.13,2.22,2.52,0.00,2.66,0.00,2019-10
170,2019,10,Golfo de San Jorge,INTERRUMPIBLE,0.00,0.00,0.00,0.00,0.00,0.00,5.41,2019-10
171,2019,10,Golfo de San Jorge,TOTAL,3.11,3.13,2.22,2.52,0.00,2.66,5.41,2019-10
172,2019,10,Neuquina,FIRME,3.11,3.02,2.23,2.77,1.93,2.85,4.49,2019-10
173,2019,10,Neuquina,INTERRUMPIBLE,2.77,2.74,1.81,1.90,0.00,2.03,3.33,2019-10
174,2019,10,Neuquina,TOTAL,3.02,2.96,1.89,2.65,1.93,2.55,3.53,2019-10
175,2019,10,Noroeste,FIRME,3.46,2.98,3.42,4.27,0.00,4.09,0.00,2019-10
176,2019,10,Noroeste,INTERRUMPIBLE,0.00,0.00,3.46,4.11,0.00,3.84,0.00,2019-10
177,2019,10,Noroeste,TOTAL,3.46,2.98,3.45,4.24,0.00,4.03,0.00,2019-10
178,2019,10,Total Cuenca,FIRME,3.06,2.97,2.18,2.76,3.24,2.79,3.60,2019-10
179,2019,10,Total Cuenca,INTERRUMPIBLE,2.77,2.74,1.90,2.10,0.00,2.06,3.42,2019-10
180,2019,10,Total Cuenca,TOTAL,3.01,2.93,1.98,2.66,3.24,2.54,3.48,2019-10
181,2019,11,Austral Santa Cruz,FIRME,2.91,2.80,2.31,2.16,3.15,2.35,3.07,2019-11
182,2019,11,Austral Santa Cruz,INTERRUMPIBLE,2.61,0.00,1.57,1.21,0.00,1.53,3.14,2019-11
183,2019,11,Austral Santa Cruz,TOTAL,2.90,2.80,1.94,2.07,3.15,2.14,3.08,2019-11
184,2019,11,Austral Tierra del Fuego,FIRME,3.15,2.57,2.02,2.12,0.00,2.46,0.00,2019-11
185,2019,11,Austral Tierra del Fuego,INTERRUMPIBLE,3.18,0.00,1.99,2.46,0.00,2.13,3.21,2019-11
186,2019,11,Austral Tierra del Fuego,TOTAL,3.15,2.57,2.00,2.25,0.00,2.32,3.21,2019-11
187,2019,11,Golfo de San Jorge,FIRME,3.52,2.99,2.06,2.88,0.00,2.83,0.00,2019-11
188,2019,11,Golfo de San Jorge,INTERRUMPIBLE,0.00,0.00,0.00,1.52,0.00,1.52,0.00,2019-11
189,2019,11,Golfo de San Jorge,TOTAL,3.52,2.99,2.06,2.88,0.00,2.83,0.00,2019-11
190,2019,11,Neuquina,FIRME,3.18,2.89,2.04,2.77,1.84,2.81,3.93,2019-11
191,2019,11,Neuquina,INTERRUMPIBLE,3.54,2.80,1.78,1.69,2.39,1.80,3.35,2019-11
192,2019,11,Neuquina,TOTAL,3.19,2.88,1.83,2.67,1.88,2.48,3.59,2019-11
193,2019,11,Noroeste,FIRME,3.96,2.99,3.54,4.29,0.00,4.15,0.00,2019-11
194,2019,11,Noroeste,INTERRUMPIBLE,2.94,0.00,3.51,3.89,0.00,3.52,0.00,2019-11
195,2019,11,Noroeste,TOTAL,3.72,2.99,3.52,4.26,0.00,4.01,0.00,2019-11
196,2019,11,Total Cuenca,FIRME,3.20,2.84,2.10,2.76,3.05,2.77,3.54,2019-11
197,2019,11,Total Cuenca,INTERRUMPIBLE,3.23,2.80,1.86,2.04,2.39,1.92,3.31,2019-11
198,2019,11,Total Cuenca,TOTAL,3.21,2.84,1.93,2.67,3.04,2.50,3.42,2019-11
199,2019,12,Austral Santa Cruz,FIRME,2.85,2.76,2.32,2.27,2.81,2.37,2.94,2019-12
200,2019,12,Austral Santa Cruz,INTERRUMPIBLE,2.50,0.00,1.38,1.10,0.00,1.36,3.14,2019-12
201,2019,12,Austral Santa Cruz,TOTAL,2.81,2.76,1.84,2.16,2.81,2.13,2.97,2019-12
202,2019,12,Austral Tierra del Fuego,FIRME,3.09,2.40,1.92,2.37,0.00,2.29,0.00,2019-12
203,2019,12,Austral Tierra del Fuego,INTERRUMPIBLE,2.87,0.00,2.22,1.60,0.00,2.00,3.21,2019-12
204,2019,12,Austral Tierra del Fuego,TOTAL,3.09,2.40,1.97,2.24,0.00,2.26,3.21,2019-12
205,2019,12,Golfo de San Jorge,FIRME,3.41,3.04,2.11,2.90,0.00,2.91,3.14,2019-12
206,2019,12,Golfo de San Jorge,INTERRUMPIBLE,0.00,0.00,0.00,1.60,0.00,1.60,0.00,2019-12
207,2019,12,Golfo de San Jorge,TOTAL,3.41,3.04,2.11,2.90,0.00,2.91,3.14,2019-12
208,2019,12,Neuquina,FIRME,3.08,2.98,1.88,2.78,1.70,2.74,3.47,2019-12
209,2019,12,Neuquina,INTERRUMPIBLE,1.47,2.92,1.67,1.70,2.39,1.68,2.91,2019-12
210,2019,12,Neuquina,TOTAL,3.04,2.98,1.71,2.68,2.06,2.37,3.15,2019-12
211,2019,12,Noroeste,FIRME,3.89,2.86,3.42,4.23,0.00,4.09,0.00,2019-12
212,2019,12,Noroeste,INTERRUMPIBLE,2.94,0.00,3.48,3.59,0.00,3.50,0.00,2019-12
213,2019,12,Noroeste,TOTAL,3.83,2.86,3.48,4.18,0.00,3.99,0.00,2019-12
214,2019,12,Total Cuenca,FIRME,3.11,2.82,1.96,2.79,2.72,2.67,3.24,2019-12
215,2019,12,Total Cuenca,INTERRUMPIBLE,1.86,2.92,1.72,1.72,2.39,1.73,3.00,2019-12
216,2019,12,Total Cuenca,TOTAL,3.09,2.82,1.82,2.69,2.70,2.41,3.12,2019-12
217,2020,1,Austral Santa Cruz,FIRME,2.69,2.73,2.04,2.11,1.54,2.12,2.73,2020-01
218,2020,1,Austral Santa Cruz,INTERRUMPIBLE,2.40,0.00,1.30,1.20,0.00,1.31,3.00,2020-01
219,2020,1,Austral Santa Cruz,TOTAL,2.63,2.73,1.70,1.90,1.54,1.88,2.77,2020-01
220,2020,1,Austral Tierra del Fuego,FIRME,2.99,2.57,2.08,2.20,0.00,2.32,0.00,2020-01
221,2020,1,Austral Tierra del Fuego,INTERRUMPIBLE,0.00,0.00,1.60,1.37,0.00,1.53,3.21,2020-01
222,2020,1,Austral Tierra del Fuego,TOTAL,2.99,2.57,1.98,2.06,0.00,2.21,3.21,2020-01
223,2020,1,Golfo de San Jorge,FIRME,3.51,2.67,2.34,2.73,0.00,2.67,3.14,2020-01
224,2020,1,Golfo de San Jorge,INTERRUMPIBLE,0.00,0.00,2.32,1.38,0.00,2.32,0.00,2020-01
225,2020,1,Golfo de San Jorge,TOTAL,3.51,2.67,2.33,2.73,0.00,2.60,3.14,2020-01
226,2020,1,Neuquina,FIRME,2.96,2.80,1.72,2.74,1.66,2.67,3.48,2020-01
227,2020,1,Neuquina,INTERRUMPIBLE,0.00,2.81,1.69,1.52,2.20,1.67,3.21,2020-01
228,2020,1,Neuquina,TOTAL,2.96,2.81,1.69,2.60,1.82,2.25,3.31,2020-01
229,2020,1,Noroeste,FIRME,3.89,2.78,0.00,4.21,0.00,4.03,0.00,2020-01
230,2020,1,Noroeste,INTERRUMPIBLE,2.75,0.00,2.07,3.08,0.00,2.70,0.00,2020-01
231,2020,1,Noroeste,TOTAL,3.75,2.78,2.07,4.17,0.00,3.95,0.00,2020-01
232,2020,1,Total Cuenca,FIRME,3.01,2.74,2.00,2.70,1.55,2.60,3.14,2020-01
233,2020,1,Total Cuenca,INTERRUMPIBLE,2.50,2.81,1.69,1.45,2.20,1.66,3.20,2020-01
234,2020,1,Total Cuenca,TOTAL,3.00,2.75,1.80,2.54,1.59,2.28,3.17,2020-01
235,2020,2,Austral Santa Cruz,FIRME,2.67,2.57,2.00,2.10,1.33,2.11,2.64,2020-02
236,2020,2,Austral Santa Cruz,INTERRUMPIBLE,2.31,0.00,1.21,1.26,0.00,1.28,3.00,2020-02
237,2020,2,Austral Santa Cruz,TOTAL,2.60,2.57,1.55,1.91,1.33,1.84,2.67,2020-02
238,2020,2,Austral Tierra del Fuego,FIRME,2.89,2.40,2.12,2.21,0.00,2.33,0.00,2020-02
239,2020,2,Austral Tierra del Fuego,INTERRUMPIBLE,0.00,0.00,1.67,1.26,0.00,1.64,3.21,2020-02
240,2020,2,Austral Tierra del Fuego,TOTAL,2.89,2.40,1.93,2.12,0.00,2.16,3.21,2020-02
241,2020,2,Golfo de San Jorge,FIRME,3.32,2.47,2.27,2.75,0.00,2.68,3.14,2020-02
242,2020,2,Golfo de San Jorge,INTERRUMPIBLE,0.00,0.00,2.34,2.20,0.00,2.33,0.00,2020-02
243,2020,2,Golfo de San Jorge,TOTAL,3.32,2.47,2.27,2.74,0.00,2.68,3.14,2020-02
244,2020,2,Neuquina,FIRME,2.86,2.66,1.93,2.73,2.17,2.66,3.55,2020-02
245,2020,2,Neuquina,INTERRUMPIBLE,4.62,2.69,2.37,2.09,0.00,2.34,3.15,2020-02
246,2020,2,Neuquina,TOTAL,2.88,2.66,2.30,2.64,2.17,2.54,3.25,2020-02
247,2020,2,Noroeste,FIRME,3.82,2.63,2.22,4.18,0.00,3.95,0.00,2020-02
248,2020,2,Noroeste,INTERRUMPIBLE,2.64,0.00,2.32,2.76,0.00,2.38,0.00,2020-02
249,2020,2,Noroeste,TOTAL,3.74,2.63,2.30,4.11,0.00,3.56,0.00,2020-02
250,2020,2,Total Cuenca,FIRME,2.92,2.60,2.06,2.70,1.45,2.60,3.24,2020-02
251,2020,2,Total Cuenca,INTERRUMPIBLE,2.90,2.69,2.20,1.88,0.00,2.16,3.15,2020-02
252,2020,2,Total Cuenca,TOTAL,2.92,2.60,2.16,2.59,1.45,2.45,3.18,2020-02
253,2020,3,Austral Santa Cruz,FIRME,2.60,2.45,1.98,2.13,1.94,2.16,2.59,2020-03
254,2020,3,Austral Santa Cruz,INTERRUMPIBLE,2.26,0.00,1.28,1.50,0.00,1.34,3.00,2020-03
255,2020,3,Austral Santa Cruz,TOTAL,2.55,2.45,1.54,2.12,1.94,1.92,2.64,2020-03
256,2020,3,Austral Tierra del Fuego,FIRME,2.89,2.33,2.00,1.99,0.00,2.26,0.00,2020-03
257,2020,3,Austral Tierra del Fuego,INTERRUMPIBLE,0.00,0.00,1.41,1.14,0.00,1.39,3.22,2020-03
258,2020,3,Austral Tierra del Fuego,TOTAL,2.89,2.33,1.79,1.90,0.00,2.07,3.22,2020-03
259,2020,3,Golfo de San Jorge,FIRME,3.13,2.41,2.31,2.76,0.00,2.79,3.14,2020-03
260,2020,3,Golfo de San Jorge,INTERRUMPIBLE,0.00,0.00,2.35,0.00,0.00,2.35,0.00,2020-03
261,2020,3,Golfo de San Jorge,TOTAL,3.13,2.41,2.31,2.76,0.00,2.78,3.14,2020-03
262,2020,3,Neuquina,FIRME,2.77,2.56,1.69,2.57,1.95,2.51,3.69,2020-03
263,2020,3,Neuquina,INTERRUMPIBLE,3.96,2.38,2.20,2.04,2.15,2.19,3.11,2020-03
264,2020,3,Neuquina,TOTAL,2.78,2.56,2.11,2.50,2.00,2.38,3.22,2020-03
265,2020,3,Noroeste,FIRME,3.76,2.54,2.22,4.11,0.00,3.92,0.00,2020-03
266,2020,3,Noroeste,INTERRUMPIBLE,2.56,0.00,2.27,3.26,0.00,2.47,0.00,2020-03
267,2020,3,Noroeste,TOTAL,3.16,2.54,2.27,4.03,0.00,3.37,0.00,2020-03
268,2020,3,Total Cuenca,FIRME,2.85,2.50,1.91,2.59,1.94,2.50,3.15,2020-03
269,2020,3,Total Cuenca,INTERRUMPIBLE,2.70,2.38,2.02,2.01,2.15,2.03,3.12,2020-03
270,2020,3,Total Cuenca,TOTAL,2.84,2.50,1.98,2.53,1.95,2.34,3.13,2020-03
271,2020,4,Austral Santa Cruz,FIRME,2.50,2.38,2.01,1.91,1.27,1.96,2.55,2020-04
272,2020,4,Austral Santa Cruz,INTERRUMPIBLE,1.98,0.00,1.02,1.61,0.00,1.28,0.00,2020-04
273,2020,4,Austral Santa Cruz,TOTAL,2.29,2.38,1.37,1.87,1.27,1.72,2.55,2020-04
274,2020,4,Austral Tierra del Fuego,FIRME,2.74,2.26,1.45,2.20,0.00,2.07,0.00,2020-04
275,2020,4,Austral Tierra del Fuego,INTERRUMPIBLE,0.00,0.00,1.24,1.13,0.00,1.23,0.00,2020-04
276,2020,4,Austral Tierra del Fuego,TOTAL,2.74,2.26,1.38,2.13,0.00,1.90,0.00,2020-04
277,2020,4,Golfo de San Jorge,FIRME,2.53,2.44,1.38,2.57,0.00,2.28,3.14,2020-04
278,2020,4,Golfo de San Jorge,INTERRUMPIBLE,0.00,0.00,1.05,1.48,0.00,1.27,0.00,2020-04
279,2020,4,Golfo de San Jorge,TOTAL,2.53,2.44,1.37,2.55,0.00,2.27,3.14,2020-04
280,2020,4,Neuquina,FIRME,2.74,2.46,1.01,2.10,1.30,2.22,3.64,2020-04
281,2020,4,Neuquina,INTERRUMPIBLE,2.36,0.00,1.27,1.46,0.00,1.36,2.99,2020-04
282,2020,4,Neuquina,TOTAL,2.70,2.46,1.23,2.02,1.30,1.90,3.13,2020-04
283,2020,4,Noroeste,FIRME,3.80,2.44,1.57,3.70,0.00,3.48,0.00,2020-04
284,2020,4,Noroeste,INTERRUMPIBLE,2.51,0.00,0.00,2.75,0.00,2.59,0.00,2020-04
285,2020,4,Noroeste,TOTAL,2.94,2.44,1.57,3.50,0.00,3.17,0.00,2020-04
286,2020,4,Total Cuenca,FIRME,2.75,2.42,1.38,2.24,1.27,2.23,3.23,2020-04
287,2020,4,Total Cuenca,INTERRUMPIBLE,2.34,0.00,1.24,1.63,0.00,1.40,2.99,2020-04
288,2020,4,Total Cuenca,TOTAL,2.70,2.42,1.29,2.16,1.27,1.96,3.08,2020-04
289,2020,5,Austral Santa Cruz,FIRME,2.47,2.23,2.03,2.25,1.17,2.17,2.49,2020-05
290,2020,5,Austral Santa Cruz,INTERRUMPIBLE,2.39,0.00,1.17,1.66,0.00,1.26,2.49,2020-05
291,2020,5,Austral Santa Cruz,TOTAL,2.47,2.23,1.60,2.24,1.17,2.03,2.49,2020-05
292,2020,5,Austral Tierra del Fuego,FIRME,2.73,2.15,1.60,1.69,0.00,2.11,0.00,2020-05
293,2020,5,Austral Tierra del Fuego,INTERRUMPIBLE,0.00,0.00,1.64,1.46,0.00,1.52,0.00,2020-05
294,2020,5,Austral Tierra del Fuego,TOTAL,2.73,2.15,1.61,1.62,0.00,2.05,0.00,2020-05
295,2020,5,Golfo de San Jorge,FIRME,3.11,2.26,2.00,2.58,0.00,2.72,0.00,2020-05
296,2020,5,Golfo de San Jorge,INTERRUMPIBLE,2.60,0.00,0.00,0.00,0.00,2.60,0.00,2020-05
297,2020,5,Golfo de San Jorge,TOTAL,3.09,2.26,2.00,2.58,0.00,2.72,0.00,2020-05
298,2020,5,Neuquina,FIRME,2.68,2.32,1.25,1.85,1.92,2.22,3.49,2020-05
299,2020,5,Neuquina,INTERRUMPIBLE,2.65,0.00,1.40,1.79,0.00,1.60,3.84,2020-05
300,2020,5,Neuquina,TOTAL,2.68,2.32,1.37,1.84,1.92,2.00,3.71,2020-05
301,2020,5,Noroeste,FIRME,2.78,2.34,1.90,2.31,0.00,2.34,0.00,2020-05
302,2020,5,Noroeste,INTERRUMPIBLE,0.00,0.00,1.97,2.26,0.00,2.09,0.00,2020-05
303,2020,5,Noroeste,TOTAL,2.78,2.34,1.96,2.31,0.00,2.28,0.00,2020-05
304,2020,5,Total Cuenca,FIRME,2.71,2.29,1.56,1.97,1.21,2.22,3.17,2020-05
305,2020,5,Total Cuenca,INTERRUMPIBLE,2.64,0.00,1.41,1.73,0.00,1.60,3.51,2020-05
306,2020,5,Total Cuenca,TOTAL,2.71,2.29,1.47,1.93,1.21,2.06,3.37,2020-05
307,2020,6,Austral Santa Cruz,FIRME,2.43,2.17,0.00,2.23,1.05,2.22,0.00,2020-06
308,2020,6,Austral Santa Cruz,INTERRUMPIBLE,2.43,0.00,2.02,2.07,0.00,2.03,2.41,2020-06
309,2020,6,Austral Santa Cruz,TOTAL,2.43,2.17,2.02,2.22,1.05,2.20,2.41,2020-06
310,2020,6,Austral Tierra del Fuego,FIRME,2.70,2.11,2.13,1.82,0.00,2.37,0.00,2020-06
311,2020,6,Austral Tierra del Fuego,INTERRUMPIBLE,0.00,0.00,2.18,2.09,0.00,2.12,0.00,2020-06
312,2020,6,Austral Tierra del Fuego,TOTAL,2.70,2.11,2.14,1.90,0.00,2.34,0.00,2020-06
313,2020,6,Golfo de San Jorge,FIRME,2.83,2.19,2.47,2.98,0.00,2.88,0.00,2020-06
314,2020,6,Golfo de San Jorge,INTERRUMPIBLE,2.69,0.00,0.00,2.00,0.00,2.56,0.00,2020-06
315,2020,6,Golfo de San Jorge,TOTAL,2.82,2.19,2.47,2.96,0.00,2.86,0.00,2020-06
316,2020,6,Neuquina,FIRME,2.60,2.27,2.18,2.18,1.75,2.40,0.00,2020-06
317,2020,6,Neuquina,INTERRUMPIBLE,2.67,0.00,2.51,2.16,2.15,2.50,4.17,2020-06
318,2020,6,Neuquina,TOTAL,2.61,2.27,2.42,2.18,1.94,2.43,4.17,2020-06
319,2020,6,Noroeste,FIRME,2.71,2.33,0.00,2.47,0.00,2.48,0.00,2020-06
320,2020,6,Noroeste,INTERRUMPIBLE,0.00,0.00,2.32,2.63,0.00,2.56,0.00,2020-06
321,2020,6,Noroeste,TOTAL,2.71,2.33,2.32,2.49,0.00,2.49,0.00,2020-06
322,2020,6,Total Cuenca,FIRME,2.63,2.24,2.16,2.22,1.07,2.41,0.00,2020-06
323,2020,6,Total Cuenca,INTERRUMPIBLE,2.67,0.00,2.45,2.19,2.15,2.44,3.20,2020-06
324,2020,6,Total Cuenca,TOTAL,2.63,2.24,2.33,2.21,1.09,2.42,3.20,2020-06
325,2020,7,Austral Santa Cruz,FIRME,2.36,2.11,0.00,2.23,0.00,2.29,0.00,2020-07
326,2020,7,Austral Santa Cruz,INTERRUMPIBLE,2.46,0.00,2.11,2.16,0.00,2.27,0.00,2020-07
327,2020,7,Austral Santa Cruz,TOTAL,2.37,2.11,2.11,2.23,0.00,2.29,0.00,2020-07
328,2020,7,Austral Tierra del Fuego,FIRME,2.63,2.06,2.13,1.81,0.00,2.38,0.00,2020-07
329,2020,7,Austral Tierra del Fuego,INTERRUMPIBLE,2.69,0.00,2.14,2.12,0.00,2.14,0.00,2020-07
330,2020,7,Austral Tierra del Fuego,TOTAL,2.63,2.06,2.14,1.91,0.00,2.34,0.00,2020-07
331,2020,7,Golfo de San Jorge,FIRME,3.12,2.13,2.00,3.41,0.00,3.22,0.00,2020-07
332,2020,7,Golfo de San Jorge,INTERRUMPIBLE,2.69,0.00,0.00,2.23,0.00,2.60,0.00,2020-07
333,2020,7,Golfo de San Jorge,TOTAL,3.10,2.13,2.00,3.39,0.00,3.20,0.00,2020-07
334,2020,7,Neuquina,FIRME,2.55,2.21,2.17,2.39,1.75,2.44,0.00,2020-07
335,2020,7,Neuquina,INTERRUMPIBLE,2.60,0.00,2.51,2.43,2.15,2.53,0.00,2020-07
336,2020,7,Neuquina,TOTAL,2.56,2.21,2.41,2.40,1.92,2.46,0.00,2020-07
337,2020,7,Noroeste,FIRME,2.62,2.30,0.00,2.47,0.00,2.47,0.00,2020-07
338,2020,7,Noroeste,INTERRUMPIBLE,0.00,0.00,2.28,2.71,0.00,2.71,0.00,2020-07
339,2020,7,Noroeste,TOTAL,2.62,2.30,2.28,2.50,0.00,2.49,0.00,2020-07
340,2020,7,Total Cuenca,FIRME,2.59,2.19,2.16,2.37,1.75,2.46,0.00,2020-07
341,2020,7,Total Cuenca,INTERRUMPIBLE,2.59,0.00,2.43,2.34,2.15,2.45,0.00,2020-07
342,2020,7,Total Cuenca,TOTAL,2.59,2.19,2.34,2.36,1.92,2.46,0.00,2020-07
343,2020,8,Austral Santa Cruz,FIRME,2.30,2.06,0.00,2.21,0.00,2.25,0.00,2020-08
344,2020,8,Austral Santa Cruz,INTERRUMPIBLE,2.34,0.00,2.14,2.17,2.13,2.16,2.24,2020-08
345,2020,8,Austral Santa Cruz,TOTAL,2.30,2.06,2.14,2.21,2.13,2.23,2.24,2020-08
346,2020,8,Austral Tierra del Fuego,FIRME,2.55,2.00,2.11,1.83,0.00,2.29,0.00,2020-08
347,2020,8,Austral Tierra del Fuego,INTERRUMPIBLE,2.39,0.00,2.15,2.20,0.00,2.20,0.00,2020-08
348,2020,8,Austral Tierra del Fuego,TOTAL,2.54,2.00,2.13,1.94,0.00,2.28,0.00,2020-08
349,2020,8,Golfo de San Jorge,FIRME,2.72,2.03,2.54,3.29,0.00,2.98,0.00,2020-08
350,2020,8,Golfo de San Jorge,INTERRUMPIBLE,2.62,0.00,2.39,2.24,0.00,2.35,0.00,2020-08
351,2020,8,Golfo de San Jorge,TOTAL,2.72,2.03,2.43,3.24,0.00,2.95,0.00,2020-08
352,2020,8,Neuquina,FIRME,2.51,2.14,2.52,2.44,1.75,2.46,0.00,2020-08
353,2020,8,Neuquina,INTERRUMPIBLE,2.54,0.00,2.49,2.28,2.15,2.47,4.87,2020-08
354,2020,8,Neuquina,TOTAL,2.51,2.14,2.50,2.42,1.88,2.46,4.87,2020-08
355,2020,8,Noroeste,FIRME,2.55,2.20,0.00,2.52,0.00,2.48,0.00,2020-08
356,2020,8,Noroeste,INTERRUMPIBLE,0.00,0.00,2.15,2.66,0.00,2.62,0.00,2020-08
357,2020,8,Noroeste,TOTAL,2.55,2.20,2.15,2.54,0.00,2.49,0.00,2020-08
358,2020,8,Total Cuenca,FIRME,2.52,2.12,2.37,2.39,1.75,2.43,0.00,2020-08
359,2020,8,Total Cuenca,INTERRUMPIBLE,2.52,0.00,2.43,2.27,2.14,2.41,4.18,2020-08
360,2020,8,Total Cuenca,TOTAL,2.52,2.12,2.41,2.37,1.99,2.43,4.18,2020-08
361,2020,9,Austral Santa Cruz,FIRME,2.21,2.01,0.00,2.03,0.00,2.11,0.00,2020-09
362,2020,9,Austral Santa Cruz,INTERRUMPIBLE,2.28,0.00,1.99,1.83,1.98,2.00,2.18,2020-09
363,2020,9,Austral Santa Cruz,TOTAL,2.22,2.01,1.99,2.02,1.98,2.08,2.18,2020-09
364,2020,9,Austral Tierra del Fuego,FIRME,2.49,1.93,2.06,1.76,0.00,2.19,0.00,2020-09
365,2020,9,Austral Tierra del Fuego,INTERRUMPIBLE,0.00,0.00,2.07,1.89,0.00,1.95,0.00,2020-09
366,2020,9,Austral Tierra del Fuego,TOTAL,2.49,1.93,2.06,1.80,0.00,2.16,0.00,2020-09
367,2020,9,Golfo de San Jorge,FIRME,3.02,2.01,2.29,2.68,0.00,2.81,0.00,2020-09
368,2020,9,Golfo de San Jorge,INTERRUMPIBLE,2.30,0.00,2.46,2.03,0.00,2.24,0.00,2020-09
369,2020,9,Golfo de San Jorge,TOTAL,3.02,2.01,2.32,2.66,0.00,2.80,0.00,2020-09
370,2020,9,Neuquina,FIRME,2.43,2.10,2.29,2.36,1.75,2.37,0.00,2020-09
371,2020,9,Neuquina,INTERRUMPIBLE,2.33,0.00,2.35,2.05,0.00,2.29,3.24,2020-09
372,2020,9,Neuquina,TOTAL,2.42,2.10,2.34,2.31,1.75,2.35,3.24,2020-09
373,2020,9,Noroeste,FIRME,2.47,2.14,0.00,2.38,0.00,2.35,0.00,2020-09
374,2020,9,Noroeste,INTERRUMPIBLE,0.00,0.00,2.30,2.52,0.00,2.52,0.00,2020-09
375,2020,9,Noroeste,TOTAL,2.47,2.14,2.30,2.39,0.00,2.36,0.00,2020-09
376,2020,9,Total Cuenca,FIRME,2.46,2.07,2.16,2.26,1.75,2.33,0.00,2020-09
377,2020,9,Total Cuenca,INTERRUMPIBLE,2.33,0.00,2.29,2.01,1.98,2.22,2.95,2020-09
378,2020,9,Total Cuenca,TOTAL,2.46,2.07,2.24,2.22,1.89,2.30,2.95,2020-09
379,2020,10,Austral Santa Cruz,FIRME,2.15,1.93,1.62,1.52,0.00,1.72,0.00,2020-10
380,2020,10,Austral Santa Cruz,INTERRUMPIBLE,2.06,0.00,1.55,1.46,1.65,1.64,2.15,2020-10
381,2020,10,Austral Santa Cruz,TOTAL,2.13,1.93,1.55,1.52,1.65,1.69,2.15,2020-10
382,2020,10,Austral Tierra del Fuego,FIRME,2.42,1.88,1.85,1.28,0.00,1.91,0.00,2020-10
383,2020,10,Austral Tierra del Fuego,INTERRUMPIBLE,0.00,0.00,1.87,1.57,0.00,1.68,0.00,2020-10
384,2020,10,Austral Tierra del Fuego,TOTAL,2.42,1.88,1.85,1.39,0.00,1.87,0.00,2020-10
385,2020,10,Golfo de San Jorge,FIRME,2.96,1.96,1.87,2.08,0.00,2.33,0.00,2020-10
386,2020,10,Golfo de San Jorge,INTERRUMPIBLE,2.09,0.00,1.63,1.28,0.00,1.41,0.00,2020-10
387,2020,10,Golfo de San Jorge,TOTAL,2.96,1.96,1.82,1.90,0.00,2.20,0.00,2020-10
388,2020,10,Neuquina,FIRME,2.36,2.02,1.72,1.78,1.15,1.95,0.00,2020-10
389,2020,10,Neuquina,INTERRUMPIBLE,2.19,0.00,1.85,1.72,0.00,1.88,3.04,2020-10
390,2020,10,Neuquina,TOTAL,2.31,2.02,1.82,1.77,1.15,1.92,3.04,2020-10
391,2020,10,Noroeste,FIRME,2.39,2.11,2.25,1.96,0.00,2.01,0.00,2020-10
392,2020,10,Noroeste,INTERRUMPIBLE,2.08,0.00,2.30,2.37,0.00,2.36,0.00,2020-10
393,2020,10,Noroeste,TOTAL,2.36,2.11,2.26,2.05,0.00,2.08,0.00,2020-10
394,2020,10,Total Cuenca,FIRME,2.40,2.00,1.79,1.71,1.15,1.94,0.00,2020-10
395,2020,10,Total Cuenca,INTERRUMPIBLE,2.17,0.00,1.83,1.71,1.65,1.84,2.86,2020-10
396,2020,10,Total Cuenca,TOTAL,2.36,2.00,1.81,1.71,1.45,1.91,2.86,2020-10
397,2020,11,Austral Santa Cruz,FIRME,2.06,1.87,2.13,1.62,0.00,1.75,0.00,2020-11
398,2020,11,Austral Santa Cruz,INTERRUMPIBLE,1.81,0.00,1.56,1.50,1.71,1.58,2.24,2020-11
399,2020,11,Austral Santa Cruz,TOTAL,2.01,1.87,1.57,1.61,1.71,1.68,2.24,2020-11
400,2020,11,Austral Tierra del Fuego,FIRME,2.31,1.82,1.76,1.29,0.00,1.77,0.00,2020-11
401,2020,11,Austral Tierra del Fuego,INTERRUMPIBLE,0.00,0.00,2.01,1.50,0.00,1.79,2.60,2020-11
402,2020,11,Austral Tierra del Fuego,TOTAL,2.31,1.82,1.82,1.37,0.00,1.77,2.60,2020-11
403,2020,11,Golfo de San Jorge,FIRME,2.86,1.82,1.50,2.09,0.00,2.25,0.00,2020-11
404,2020,11,Golfo de San Jorge,INTERRUMPIBLE,1.96,0.00,2.39,1.15,0.00,1.91,0.00,2020-11
405,2020,11,Golfo de San Jorge,TOTAL,2.84,1.82,2.11,1.89,0.00,2.16,0.00,2020-11
406,2020,11,Neuquina,FIRME,2.21,1.94,1.74,1.80,1.15,1.89,0.00,2020-11
407,2020,11,Neuquina,INTERRUMPIBLE,1.96,0.00,1.86,1.66,0.00,1.80,3.05,2020-11
408,2020,11,Neuquina,TOTAL,2.19,1.94,1.82,1.77,1.15,1.86,3.05,2020-11
409,2020,11,Noroeste,FIRME,2.30,2.04,0.00,2.03,0.00,2.04,0.00,2020-11
410,2020,11,Noroeste,INTERRUMPIBLE,2.01,0.00,2.28,2.07,0.00,2.16,0.00,2020-11
411,2020,11,Noroeste,TOTAL,2.26,2.04,2.28,2.03,0.00,2.06,0.00,2020-11
412,2020,11,Total Cuenca,FIRME,2.27,1.93,1.75,1.76,1.15,1.87,0.00,2020-11
413,2020,11,Total Cuenca,INTERRUMPIBLE,1.91,0.00,1.86,1.61,1.71,1.79,2.67,2020-11
414,2020,11,Total Cuenca,TOTAL,2.24,1.93,1.81,1.72,1.50,1.84,2.67,2020-11
415,2020,12,Austral Santa Cruz,FIRME,1.99,1.78,2.03,1.52,0.00,1.64,0.00,2020-12
416,2020,12,Austral Santa Cruz,INTERRUMPIBLE,2.02,0.00,1.96,2.06,1.67,1.98,2.32,2020-12
417,2020,12,Austral Santa Cruz,TOTAL,2.00,1.78,1.96,1.60,1.67,1.78,2.32,2020-12
418,2020,12,Austral Tierra del Fuego,FIRME,2.20,1.74,2.12,1.36,0.00,1.94,0.00,2020-12
419,2020,12,Austral Tierra del Fuego,INTERRUMPIBLE,0.00,0.00,2.11,1.78,0.00,1.94,2.67,2020-12
420,2020,12,Austral Tierra del Fuego,TOTAL,2.20,1.74,2.12,1.50,0.00,1.94,2.67,2020-12
421,2020,12,Golfo de San Jorge,FIRME,2.80,1.74,2.36,2.11,0.00,2.35,0.00,2020-12
422,2020,12,Golfo de San Jorge,INTERRUMPIBLE,0.00,0.00,2.34,1.12,0.00,1.38,0.00,2020-12
423,2020,12,Golfo de San Jorge,TOTAL,2.80,1.74,2.36,1.87,0.00,2.25,0.00,2020-12
424,2020,12,Neuquina,FIRME,2.14,1.88,2.30,1.98,1.15,2.04,0.00,2020-12
425,2020,12,Neuquina,INTERRUMPIBLE,1.97,0.00,2.34,2.01,0.00,2.27,3.10,2020-12
426,2020,12,Neuquina,TOTAL,2.14,1.88,2.33,1.98,1.15,2.12,3.10,2020-12
427,2020,12,Noroeste,FIRME,2.23,1.95,0.00,1.98,0.00,1.98,0.00,2020-12
428,2020,12,Noroeste,INTERRUMPIBLE,1.95,0.00,2.22,2.20,0.00,2.19,0.00,2020-12
429,2020,12,Noroeste,TOTAL,2.19,1.95,2.22,2.00,0.00,2.00,0.00,2020-12
430,2020,12,Total Cuenca,FIRME,2.19,1.86,2.20,1.86,1.15,2.00,0.00,2020-12
431,2020,12,Total Cuenca,INTERRUMPIBLE,2.01,0.00,2.27,1.91,1.67,2.17,2.56,2020-12
432,2020,12,Total Cuenca,TOTAL,2.18,1.86,2.24,1.87,1.39,2.05,2.56,2020-12
433,2021,1,Austral Santa Cruz,FIRME,2.47,1.74,2.63,1.66,0.00,2.01,0.00,2021-01
434,2021,1,Austral Santa Cruz,INTERRUMPIBLE,2.28,0.00,1.96,2.14,1.79,2.11,2.63,2021-01
435,2021,1,Austral Santa Cruz,TOTAL,2.45,1.74,2.54,1.78,1.79,2.03,2.63,2021-01
436,2021,1,Austral Tierra del Fuego,FIRME,2.29,1.62,2.52,1.33,0.00,2.17,0.00,2021-01
437,2021,1,Austral Tierra del Fuego,INTERRUMPIBLE,0.00,0.00,1.89,1.81,0.00,1.82,0.00,2021-01
438,2021,1,Austral Tierra del Fuego,TOTAL,2.29,1.62,2.49,1.51,0.00,2.12,0.00,2021-01
439,2021,1,Golfo de San Jorge,FIRME,2.66,1.79,2.63,2.09,0.00,2.39,0.00,2021-01
440,2021,1,Golfo de San Jorge,INTERRUMPIBLE,0.00,0.00,0.00,1.51,0.00,1.51,0.00,2021-01
441,2021,1,Golfo de San Jorge,TOTAL,2.66,1.79,2.63,2.05,0.00,2.36,0.00,2021-01
442,2021,1,Neuquina,FIRME,2.11,1.83,2.68,2.14,1.15,2.36,0.00,2021-01
443,2021,1,Neuquina,INTERRUMPIBLE,0.00,0.00,2.13,1.89,1.38,1.93,3.04,2021-01
444,2021,1,Neuquina,TOTAL,2.11,1.83,2.67,2.11,1.23,2.34,3.04,2021-01
445,2021,1,Noroeste,FIRME,0.00,1.87,0.00,2.02,0.00,1.99,0.00,2021-01
446,2021,1,Noroeste,INTERRUMPIBLE,0.00,0.00,2.01,2.25,0.00,2.24,0.00,2021-01
447,2021,1,Noroeste,TOTAL,0.00,1.87,2.01,2.04,0.00,2.01,0.00,2021-01
448,2021,1,Total Cuenca,FIRME,2.20,1.78,2.64,1.98,1.15,2.28,0.00,2021-01
449,2021,1,Total Cuenca,INTERRUMPIBLE,2.28,0.00,1.99,1.92,1.68,1.93,2.80,2021-01
450,2021,1,Total Cuenca,TOTAL,2.20,1.78,2.62,1.97,1.51,2.25,2.80,2021-01
451,2021,2,Austral Santa Cruz,FIRME,2.45,1.70,2.68,1.62,0.00,2.00,3.38,2021-02
452,2021,2,Austral Santa Cruz,INTERRUMPIBLE,2.24,0.00,0.00,2.06,1.80,2.06,2.25,2021-02
453,2021,2,Austral Santa Cruz,TOTAL,2.43,1.70,2.68,1.76,1.80,2.02,2.52,2021-02
454,2021,2,Austral Tierra del Fuego,FIRME,2.28,1.60,2.63,1.32,0.00,2.18,0.00,2021-02
455,2021,2,Austral Tierra del Fuego,INTERRUMPIBLE,0.00,0.00,1.92,1.59,0.00,1.60,3.34,2021-02
456,2021,2,Austral Tierra del Fuego,TOTAL,2.28,1.60,2.62,1.41,0.00,2.12,3.34,2021-02
457,2021,2,Golfo de San Jorge,FIRME,2.68,1.71,2.70,2.03,0.00,2.35,0.00,2021-02
458,2021,2,Golfo de San Jorge,INTERRUMPIBLE,0.00,1.81,0.00,2.25,0.00,2.18,3.99,2021-02
459,2021,2,Golfo de San Jorge,TOTAL,2.68,1.72,2.70,2.03,0.00,2.35,3.99,2021-02
460,2021,2,Neuquina,FIRME,2.08,1.81,2.74,2.16,1.15,2.39,0.00,2021-02
461,2021,2,Neuquina,INTERRUMPIBLE,0.00,0.00,2.17,2.19,1.38,2.19,3.29,2021-02
462,2021,2,Neuquina,TOTAL,2.08,1.81,2.73,2.16,1.23,2.38,3.29,2021-02
463,2021,2,Noroeste,FIRME,0.00,1.85,0.00,1.99,0.00,1.97,0.00,2021-02
464,2021,2,Noroeste,INTERRUMPIBLE,0.00,0.00,0.00,2.23,0.00,2.23,0.00,2021-02
465,2021,2,Noroeste,TOTAL,0.00,1.85,0.00,2.01,0.00,1.98,0.00,2021-02
466,2021,2,Total Cuenca,FIRME,2.17,1.75,2.71,1.96,1.15,2.30,3.38,2021-02
467,2021,2,Total Cuenca,INTERRUMPIBLE,2.24,1.81,2.13,1.95,1.69,1.96,3.16,2021-02
468,2021,2,Total Cuenca,TOTAL,2.17,1.75,2.70,1.96,1.52,2.28,3.17,2021-02
469,2021,3,Austral Santa Cruz,FIRME,2.50,1.68,2.72,1.75,0.00,2.09,3.45,2021-03
470,2021,3,Austral Santa Cruz,INTERRUMPIBLE,2.21,0.00,0.00,2.17,1.82,2.17,2.35,2021-03
471,2021,3,Austral Santa Cruz,TOTAL,2.49,1.68,2.72,1.88,1.82,2.11,2.55,2021-03
472,2021,3,Austral Tierra del Fuego,FIRME,2.29,1.56,2.66,1.38,0.00,2.20,0.00,2021-03
473,2021,3,Austral Tierra del Fuego,INTERRUMPIBLE,0.00,0.00,1.95,1.82,0.00,1.82,3.51,2021-03
474,2021,3,Austral Tierra del Fuego,TOTAL,2.29,1.56,2.65,1.54,0.00,2.16,3.51,2021-03
475,2021,3,Golfo de San Jorge,FIRME,2.74,1.71,2.74,1.99,0.00,2.36,0.00,2021-03
476,2021,3,Golfo de San Jorge,INTERRUMPIBLE,0.00,1.78,0.00,2.32,0.00,1.83,0.00,2021-03
477,2021,3,Golfo de San Jorge,TOTAL,2.74,1.74,2.74,1.99,0.00,2.36,0.00,2021-03
478,2021,3,Neuquina,FIRME,2.10,1.77,2.78,2.37,1.15,2.45,0.00,2021-03
479,2021,3,Neuquina,INTERRUMPIBLE,0.00,0.00,2.21,2.27,1.38,2.26,2.48,2021-03
480,2021,3,Neuquina,TOTAL,2.10,1.77,2.77,2.36,1.22,2.44,2.48,2021-03
481,2021,3,Noroeste,FIRME,0.00,1.82,0.00,2.05,0.00,2.01,0.00,2021-03
482,2021,3,Noroeste,INTERRUMPIBLE,0.00,0.00,0.00,2.91,0.00,2.91,0.00,2021-03
483,2021,3,Noroeste,TOTAL,0.00,1.82,0.00,2.20,0.00,2.15,0.00,2021-03
484,2021,3,Total Cuenca,FIRME,2.20,1.72,2.75,2.14,1.15,2.35,3.45,2021-03
485,2021,3,Total Cuenca,INTERRUMPIBLE,2.21,1.78,2.15,2.18,1.66,2.18,2.55,2021-03
486,2021,3,Total Cuenca,TOTAL,2.20,1.72,2.74,2.15,1.44,2.34,2.70,2021-03
487,2021,4,Austral Santa Cruz,FIRME,2.53,1.66,2.74,1.89,0.00,2.17,0.00,2021-04
488,2021,4,Austral Santa Cruz,INTERRUMPIBLE,2.59,0.00,0.00,2.98,1.86,2.95,2.43,2021-04
489,2021,4,Austral Santa Cruz,TOTAL,2.53,1.66,2.74,2.21,1.86,2.33,2.43,2021-04
490,2021,4,Austral Tierra del Fuego,FIRME,2.31,1.54,2.69,1.43,0.00,2.16,0.00,2021-04
491,2021,4,Austral Tierra del Fuego,INTERRUMPIBLE,0.00,0.00,1.96,2.92,0.00,2.92,0.00,2021-04
492,2021,4,Austral Tierra del Fuego,TOTAL,2.31,1.54,2.69,2.06,0.00,2.27,0.00,2021-04
493,2021,4,Golfo de San Jorge,FIRME,2.76,1.70,2.75,2.00,0.00,2.41,0.00,2021-04
494,2021,4,Golfo de San Jorge,INTERRUMPIBLE,0.00,1.76,0.00,4.64,0.00,3.91,0.00,2021-04
495,2021,4,Golfo de San Jorge,TOTAL,2.76,1.72,2.75,2.23,0.00,2.49,0.00,2021-04
496,2021,4,Neuquina,FIRME,2.16,1.76,2.78,2.34,1.15,2.42,0.00,2021-04
497,2021,4,Neuquina,INTERRUMPIBLE,0.00,0.00,0.00,3.17,1.38,3.16,3.15,2021-04
498,2021,4,Neuquina,TOTAL,2.16,1.76,2.78,2.47,1.21,2.46,3.15,2021-04
499,2021,4,Noroeste,FIRME,0.00,1.80,0.00,2.07,0.00,2.03,0.00,2021-04
500,2021,4,Noroeste,INTERRUMPIBLE,0.00,0.00,0.00,2.68,0.00,2.68,0.00,2021-04
501,2021,4,Noroeste,TOTAL,0.00,1.80,0.00,2.12,0.00,2.07,0.00,2021-04
502,2021,4,Total Cuenca,FIRME,2.26,1.70,2.76,2.13,1.15,2.33,0.00,2021-04
503,2021,4,Total Cuenca,INTERRUMPIBLE,2.59,1.76,1.96,3.06,1.75,3.04,2.95,2021-04
504,2021,4,Total Cuenca,TOTAL,2.26,1.70,2.76,2.32,1.54,2.40,2.95,2021-04
505,2021,5,Austral Santa Cruz,FIRME,3.56,3.32,4.21,3.45,0.00,3.61,0.00,2021-05
506,2021,5,Austral Santa Cruz,INTERRUMPIBLE,2.57,0.00,0.00,4.84,3.33,4.80,0.00,2021-05
507,2021,5,Austral Santa Cruz,TOTAL,3.56,3.32,4.21,3.70,3.33,3.76,0.00,2021-05
508,2021,5,Austral Tierra del Fuego,FIRME,2.97,3.34,4.15,3.82,0.00,3.64,0.00,2021-05
509,2021,5,Austral Tierra del Fuego,INTERRUMPIBLE,0.00,0.00,3.11,5.47,0.00,5.44,0.00,2021-05
510,2021,5,Austral Tierra del Fuego,TOTAL,2.97,3.34,4.15,3.97,0.00,3.68,0.00,2021-05
511,2021,5,Golfo de San Jorge,FIRME,4.24,3.48,4.31,3.58,0.00,3.96,0.00,2021-05
512,2021,5,Golfo de San Jorge,INTERRUMPIBLE,0.00,0.00,0.00,6.00,0.00,6.00,0.00,2021-05
513,2021,5,Golfo de San Jorge,TOTAL,4.24,3.48,4.31,3.71,0.00,4.00,0.00,2021-05
514,2021,5,Neuquina,FIRME,2.51,3.44,4.29,3.65,4.00,3.42,0.00,2021-05
515,2021,5,Neuquina,INTERRUMPIBLE,0.00,3.14,0.00,4.53,0.00,3.76,0.00,2021-05
516,2021,5,Neuquina,TOTAL,2.51,3.27,4.29,3.70,4.00,3.43,0.00,2021-05
517,2021,5,Noroeste,FIRME,0.00,4.03,0.00,4.24,0.00,4.20,0.00,2021-05
518,2021,5,Noroeste,INTERRUMPIBLE,0.00,0.00,4.55,4.72,0.00,4.72,0.00,2021-05
519,2021,5,Noroeste,TOTAL,0.00,4.03,4.55,4.29,0.00,4.25,0.00,2021-05
520,2021,5,Total Cuenca,FIRME,2.70,3.57,4.25,3.70,4.00,3.52,0.00,2021-05
521,2021,5,Total Cuenca,INTERRUMPIBLE,2.57,3.14,3.35,4.84,3.33,4.28,0.00,2021-05
522,2021,5,Total Cuenca,TOTAL,2.70,3.40,4.25,3.80,3.51,3.56,0.00,2021-05
523,2021,6,Austral Santa Cruz,FIRME,3.38,3.28,0.00,4.07,0.00,3.84,0.00,2021-06
524,2021,6,Austral Santa Cruz,INTERRUMPIBLE,0.00,0.00,0.00,4.18,3.41,4.12,0.00,2021-06
525,2021,6,Austral Santa Cruz,TOTAL,3.38,3.28,0.00,4.07,3.41,3.85,0.00,2021-06
526,2021,6,Austral Tierra del Fuego,FIRME,2.84,3.30,4.18,3.84,0.00,3.58,0.00,2021-06
527,2021,6,Austral Tierra del Fuego,INTERRUMPIBLE,0.00,0.00,3.01,5.71,0.00,5.68,0.00,2021-06
528,2021,6,Austral Tierra del Fuego,TOTAL,2.84,3.30,4.18,4.07,0.00,3.66,0.00,2021-06
529,2021,6,Golfo de San Jorge,FIRME,4.23,3.36,4.33,3.80,0.00,4.03,0.00,2021-06
530,2021,6,Golfo de San Jorge,INTERRUMPIBLE,0.00,0.00,0.00,5.88,0.00,5.88,0.00,2021-06
531,2021,6,Golfo de San Jorge,TOTAL,4.23,3.36,4.33,3.96,0.00,4.10,0.00,2021-06
532,2021,6,Neuquina,FIRME,2.54,3.35,4.24,3.83,4.00,3.22,0.00,2021-06
533,2021,6,Neuquina,INTERRUMPIBLE,0.00,3.21,0.00,4.83,0.00,4.19,0.00,2021-06
534,2021,6,Neuquina,TOTAL,2.54,3.27,4.24,3.95,4.00,3.28,0.00,2021-06
535,2021,6,Noroeste,FIRME,0.00,3.96,0.00,4.33,0.00,4.27,0.00,2021-06
536,2021,6,Noroeste,INTERRUMPIBLE,0.00,0.00,0.00,4.86,0.00,4.86,0.00,2021-06
537,2021,6,Noroeste,TOTAL,0.00,3.96,0.00,4.42,0.00,4.35,0.00,2021-06
538,2021,6,Total Cuenca,FIRME,2.68,3.48,4.22,3.90,4.00,3.39,0.00,2021-06
539,2021,6,Total Cuenca,INTERRUMPIBLE,0.00,3.21,3.01,4.97,3.41,4.48,0.00,2021-06
540,2021,6,Total Cuenca,TOTAL,2.68,3.37,4.22,4.02,3.52,3.45,0.00,2021-06
541,2021,7,Austral Santa Cruz,FIRME,3.34,3.26,0.00,4.25,0.00,3.92,0.00,2021-07
542,2021,7,Austral Santa Cruz,INTERRUMPIBLE,0.00,0.00,4.22,4.21,3.31,4.13,0.00,2021-07
543,2021,7,Austral Santa Cruz,TOTAL,3.34,3.26,4.22,4.25,3.31,3.93,0.00,2021-07
544,2021,7,Austral Tierra del Fuego,FIRME,2.79,3.27,4.17,3.86,0.00,3.56,0.00,2021-07
545,2021,7,Austral Tierra del Fuego,INTERRUMPIBLE,0.00,0.00,4.20,4.11,0.00,4.15,0.00,2021-07
546,2021,7,Austral Tierra del Fuego,TOTAL,2.79,3.27,4.17,3.88,0.00,3.58,0.00,2021-07
547,2021,7,Golfo de San Jorge,FIRME,4.25,3.34,4.33,3.97,0.00,4.14,0.00,2021-07
548,2021,7,Golfo de San Jorge,INTERRUMPIBLE,0.00,0.00,4.36,4.45,0.00,4.43,0.00,2021-07
549,2021,7,Golfo de San Jorge,TOTAL,4.25,3.34,4.34,4.11,0.00,4.18,0.00,2021-07
550,2021,7,Neuquina,FIRME,2.57,3.33,4.26,3.85,4.00,3.27,0.00,2021-07
551,2021,7,Neuquina,INTERRUMPIBLE,0.00,3.13,4.21,4.48,0.00,4.02,4.92,2021-07
552,2021,7,Neuquina,TOTAL,2.57,3.23,4.26,3.93,4.00,3.32,4.92,2021-07
553,2021,7,Noroeste,FIRME,0.00,3.92,0.00,4.32,0.00,4.24,0.00,2021-07
554,2021,7,Noroeste,INTERRUMPIBLE,0.00,0.00,0.00,4.69,0.00,4.69,0.00,2021-07
555,2021,7,Noroeste,TOTAL,0.00,3.92,0.00,4.40,0.00,4.32,0.00,2021-07
556,2021,7,Total Cuenca,FIRME,2.69,3.45,4.24,3.94,4.00,3.42,0.00,2021-07
557,2021,7,Total Cuenca,INTERRUMPIBLE,0.00,3.13,4.23,4.45,3.31,4.14,4.92,2021-07
558,2021,7,Total Cuenca,TOTAL,2.69,3.34,4.24,4.01,3.47,3.46,4.92,2021-07
559,2021,8,Austral Santa Cruz,FIRME,3.35,3.53,0.00,4.14,0.00,3.86,0.00,2021-08
560,2021,8,Austral Santa Cruz,INTERRUMPIBLE,0.00,0.00,3.77,3.95,3.32,3.85,0.00,2021-08
561,2021,8,Austral Santa Cruz,TOTAL,3.35,3.53,3.77,4.13,3.32,3.86,0.00,2021-08
562,2021,8,Austral Tierra del Fuego,FIRME,2.81,3.50,4.17,3.84,0.00,3.58,0.00,2021-08
563,2021,8,Austral Tierra del Fuego,INTERRUMPIBLE,0.00,0.00,4.07,3.92,0.00,4.01,0.00,2021-08
564,2021,8,Austral Tierra del Fuego,TOTAL,2.81,3.50,4.17,3.84,0.00,3.60,0.00,2021-08
565,2021,8,Golfo de San Jorge,FIRME,4.23,3.39,4.33,3.93,0.00,4.12,0.00,2021-08
566,2021,8,Golfo de San Jorge,INTERRUMPIBLE,0.00,0.00,4.36,4.03,0.00,4.31,0.00,2021-08
567,2021,8,Golfo de San Jorge,TOTAL,4.23,3.39,4.34,3.93,0.00,4.14,0.00,2021-08
568,2021,8,Neuquina,FIRME,2.63,3.53,4.29,3.81,4.00,3.33,0.00,2021-08
569,2021,8,Neuquina,INTERRUMPIBLE,0.00,3.36,4.20,3.95,0.00,3.77,5.04,2021-08
570,2021,8,Neuquina,TOTAL,2.63,3.44,4.29,3.83,4.00,3.35,5.04,2021-08
571,2021,8,Noroeste,FIRME,0.00,4.15,0.00,4.24,0.00,4.22,0.00,2021-08
572,2021,8,Noroeste,INTERRUMPIBLE,0.00,4.80,0.00,4.61,0.00,4.65,0.00,2021-08
573,2021,8,Noroeste,TOTAL,0.00,4.27,0.00,4.31,0.00,4.31,0.00,2021-08
574,2021,8,Total Cuenca,FIRME,2.74,3.66,4.26,3.90,4.00,3.46,0.00,2021-08
575,2021,8,Total Cuenca,INTERRUMPIBLE,0.00,3.48,4.17,4.07,3.32,3.95,5.04,2021-08
576,2021,8,Total Cuenca,TOTAL,2.74,3.60,4.25,3.91,3.44,3.48,5.04,2021-08
577,2021,9,Austral Santa Cruz,FIRME,3.52,3.49,4.22,3.64,0.00,3.71,0.00,2021-09
578,2021,9,Austral Santa Cruz,INTERRUMPIBLE,0.00,0.00,4.22,4.06,3.36,4.11,0.00,2021-09
579,2021,9,Austral Santa Cruz,TOTAL,3.52,3.49,4.22,3.69,3.36,3.77,0.00,2021-09
580,2021,9,Austral Tierra del Fuego,FIRME,2.93,3.48,4.17,3.82,0.00,3.62,0.00,2021-09
581,2021,9,Austral Tierra del Fuego,INTERRUMPIBLE,0.00,0.00,4.16,4.08,0.00,4.14,0.00,2021-09
582,2021,9,Austral Tierra del Fuego,TOTAL,2.93,3.48,4.17,3.83,0.00,3.64,0.00,2021-09
583,2021,9,Golfo de San Jorge,FIRME,4.31,3.38,4.34,3.68,0.00,4.05,0.00,2021-09
584,2021,9,Golfo de San Jorge,INTERRUMPIBLE,0.00,0.00,4.36,4.15,0.00,4.25,0.00,2021-09
585,2021,9,Golfo de San Jorge,TOTAL,4.31,3.38,4.34,3.72,0.00,4.06,0.00,2021-09
586,2021,9,Neuquina,FIRME,2.63,3.50,4.29,3.62,4.00,3.43,0.00,2021-09
587,2021,9,Neuquina,INTERRUMPIBLE,0.00,3.32,4.34,3.87,0.00,3.79,5.31,2021-09
588,2021,9,Neuquina,TOTAL,2.63,3.41,4.29,3.65,4.00,3.46,5.31,2021-09
589,2021,9,Noroeste,FIRME,0.00,4.11,0.00,4.15,0.00,4.14,0.00,2021-09
590,2021,9,Noroeste,INTERRUMPIBLE,0.00,4.80,0.00,4.60,0.00,4.61,0.00,2021-09
591,2021,9,Noroeste,TOTAL,0.00,4.17,0.00,4.26,0.00,4.25,0.00,2021-09
592,2021,9,Total Cuenca,FIRME,2.76,3.63,4.26,3.69,4.00,3.53,0.00,2021-09
593,2021,9,Total Cuenca,INTERRUMPIBLE,0.00,3.37,4.26,4.02,3.36,3.95,5.31,2021-09
594,2021,9,Total Cuenca,TOTAL,2.76,3.54,4.26,3.74,3.46,3.56,5.31,2021-09
595,2021,10,Austral Santa Cruz,FIRME,2.48,3.46,2.75,2.40,0.00,2.45,3.37,2021-10
596,2021,10,Austral Santa Cruz,INTERRUMPIBLE,0.00,0.00,2.75,2.60,1.99,2.65,0.00,2021-10
597,2021,10,Austral Santa Cruz,TOTAL,2.48,3.46,2.75,2.43,1.99,2.49,3.37,2021-10
598,2021,10,Austral Tierra del Fuego,FIRME,2.22,3.41,2.72,2.57,0.00,2.49,3.58,2021-10
599,2021,10,Austral Tierra del Fuego,INTERRUMPIBLE,0.00,0.00,2.74,2.69,0.00,2.73,3.61,2021-10
600,2021,10,Austral Tierra del Fuego,TOTAL,2.22,3.41,2.72,2.57,0.00,2.51,3.59,2021-10
601,2021,10,Golfo de San Jorge,FIRME,2.81,3.36,2.86,2.78,0.00,2.81,0.00,2021-10
602,2021,10,Golfo de San Jorge,INTERRUMPIBLE,0.00,0.00,0.00,2.79,0.00,2.79,0.00,2021-10
603,2021,10,Golfo de San Jorge,TOTAL,2.81,3.36,2.86,2.78,0.00,2.81,0.00,2021-10
604,2021,10,Neuquina,FIRME,2.02,3.42,2.79,2.56,2.40,2.54,4.00,2021-10
605,2021,10,Neuquina,INTERRUMPIBLE,2.80,3.27,2.82,2.70,0.00,2.87,3.68,2021-10
606,2021,10,Neuquina,TOTAL,2.02,3.36,2.80,2.58,2.40,2.57,3.89,2021-10
607,2021,10,Noroeste,FIRME,0.00,4.07,0.00,3.16,0.00,3.35,0.00,2021-10
608,2021,10,Noroeste,INTERRUMPIBLE,0.00,3.88,0.00,3.56,0.00,3.63,0.00,2021-10
609,2021,10,Noroeste,TOTAL,0.00,4.03,0.00,3.24,0.00,3.41,0.00,2021-10
610,2021,10,Total Cuenca,FIRME,2.13,3.54,2.78,2.60,2.40,2.56,3.72,2021-10
611,2021,10,Total Cuenca,INTERRUMPIBLE,2.80,3.33,2.78,2.81,1.99,2.88,3.67,2021-10
612,2021,10,Total Cuenca,TOTAL,2.13,3.47,2.78,2.63,2.07,2.60,3.71,2021-10
613,2021,11,Austral Santa Cruz,FIRME,2.48,3.50,2.73,2.37,0.00,2.45,3.58,2021-11
614,2021,11,Austral Santa Cruz,INTERRUMPIBLE,0.00,0.00,2.73,2.60,1.99,2.64,0.00,2021-11
615,2021,11,Austral Santa Cruz,TOTAL,2.48,3.50,2.73,2.40,1.99,2.48,3.58,2021-11
616,2021,11,Austral Tierra del Fuego,FIRME,2.23,3.49,2.70,2.61,0.00,2.57,3.99,2021-11
617,2021,11,Austral Tierra del Fuego,INTERRUMPIBLE,0.00,0.00,2.72,2.69,0.00,2.72,3.90,2021-11
618,2021,11,Austral Tierra del Fuego,TOTAL,2.23,3.49,2.71,2.61,0.00,2.58,3.96,2021-11
619,2021,11,Golfo de San Jorge,FIRME,2.81,3.36,2.86,2.71,0.00,2.79,0.00,2021-11
620,2021,11,Golfo de San Jorge,INTERRUMPIBLE,0.00,0.00,0.00,2.60,0.00,2.60,0.00,2021-11
621,2021,11,Golfo de San Jorge,TOTAL,2.81,3.36,2.86,2.71,0.00,2.79,0.00,2021-11
622,2021,11,Neuquina,FIRME,1.95,3.12,2.77,2.66,2.40,2.61,4.05,2021-11
623,2021,11,Neuquina,INTERRUMPIBLE,0.00,3.30,2.83,2.67,0.00,2.89,4.01,2021-11
624,2021,11,Neuquina,TOTAL,1.95,3.17,2.77,2.66,2.40,2.63,4.02,2021-11
625,2021,11,Noroeste,FIRME,0.00,4.09,0.00,3.15,0.00,3.35,0.00,2021-11
626,2021,11,Noroeste,INTERRUMPIBLE,0.00,3.93,0.00,3.67,0.00,3.72,0.00,2021-11
627,2021,11,Noroeste,TOTAL,0.00,4.06,0.00,3.28,0.00,3.44,0.00,2021-11
628,2021,11,Total Cuenca,FIRME,2.09,3.27,2.76,2.66,2.40,2.62,3.88,2021-11
629,2021,11,Total Cuenca,INTERRUMPIBLE,0.00,3.36,2.74,2.84,1.99,2.94,4.00,2021-11
630,2021,11,Total Cuenca,TOTAL,2.09,3.29,2.76,2.68,2.09,2.65,3.93,2021-11
631,2021,12,Austral Santa Cruz,FIRME,2.37,3.45,2.69,2.38,0.00,2.45,3.68,2021-12
632,2021,12,Austral Santa Cruz,INTERRUMPIBLE,0.00,0.00,2.70,2.61,1.97,2.61,0.00,2021-12
633,2021,12,Austral Santa Cruz,TOTAL,2.37,3.45,2.69,2.43,1.97,2.48,3.68,2021-12
634,2021,12,Austral Tierra del Fuego,FIRME,2.19,3.43,2.68,2.57,0.00,2.57,4.27,2021-12
635,2021,12,Austral Tierra del Fuego,INTERRUMPIBLE,0.00,0.00,2.70,2.77,0.00,2.72,4.34,2021-12
636,2021,12,Austral Tierra del Fuego,TOTAL,2.19,3.43,2.68,2.58,0.00,2.58,4.28,2021-12
637,2021,12,Golfo de San Jorge,FIRME,2.74,3.32,2.86,2.78,0.00,2.82,0.00,2021-12
638,2021,12,Golfo de San Jorge,INTERRUMPIBLE,0.00,0.00,2.85,2.68,0.00,2.82,0.00,2021-12
639,2021,12,Golfo de San Jorge,TOTAL,2.74,3.32,2.86,2.78,0.00,2.82,0.00,2021-12
640,2021,12,Neuquina,FIRME,1.87,3.41,2.76,2.57,2.40,2.59,4.03,2021-12
641,2021,12,Neuquina,INTERRUMPIBLE,0.00,3.24,2.77,3.04,0.00,3.07,3.99,2021-12
642,2021,12,Neuquina,TOTAL,1.87,3.34,2.76,2.69,2.40,2.66,4.01,2021-12
643,2021,12,Noroeste,FIRME,0.00,4.04,0.00,3.16,0.00,3.35,0.00,2021-12
644,2021,12,Noroeste,INTERRUMPIBLE,0.00,3.85,0.00,3.70,0.00,3.72,0.00,2021-12
645,2021,12,Noroeste,TOTAL,0.00,4.00,0.00,3.30,0.00,3.44,0.00,2021-12
646,2021,12,Total Cuenca,FIRME,2.01,3.52,2.75,2.60,2.40,2.61,3.95,2021-12
647,2021,12,Total Cuenca,INTERRUMPIBLE,0.00,3.29,2.73,3.04,1.97,3.04,4.01,2021-12
648,2021,12,Total Cuenca,TOTAL,2.01,3.44,2.74,2.70,2.08,2.67,3.97,2021-12
649,2022,1,Austral Santa Cruz,FIRME,2.40,3.36,2.67,2.45,0.00,2.50,3.65,2022-01
650,2022,1,Austral Santa Cruz,INTERRUMPIBLE,0.00,0.00,2.67,2.62,2.00,2.63,0.00,2022-01
651,2022,1,Austral Santa Cruz,TOTAL,2.40,3.36,2.67,2.47,2.00,2.52,3.65,2022-01
652,2022,1,Austral Tierra del Fuego,FIRME,2.20,3.34,2.65,2.50,0.00,2.55,4.06,2022-01
653,2022,1,Austral Tierra del Fuego,INTERRUMPIBLE,0.00,0.00,2.70,2.68,0.00,2.69,3.97,2022-01
654,2022,1,Austral Tierra del Fuego,TOTAL,2.20,3.34,2.66,2.52,0.00,2.57,4.04,2022-01
655,2022,1,Golfo de San Jorge,FIRME,2.77,3.52,2.84,2.89,0.00,2.85,0.00,2022-01
656,2022,1,Golfo de San Jorge,INTERRUMPIBLE,0.00,0.00,2.84,2.81,0.00,2.82,0.00,2022-01
657,2022,1,Golfo de San Jorge,TOTAL,2.77,3.52,2.84,2.88,0.00,2.85,0.00,2022-01
658,2022,1,Neuquina,FIRME,1.83,3.32,2.73,2.57,2.40,2.59,5.33,2022-01
659,2022,1,Neuquina,INTERRUMPIBLE,0.00,3.18,2.68,3.04,0.00,3.04,4.19,2022-01
660,2022,1,Neuquina,TOTAL,1.83,3.27,2.73,2.69,2.40,2.65,4.97,2022-01
661,2022,1,Noroeste,FIRME,0.00,3.99,0.00,3.16,0.00,3.32,0.00,2022-01
662,2022,1,Noroeste,INTERRUMPIBLE,0.00,3.76,2.13,3.67,0.00,3.66,0.00,2022-01
663,2022,1,Noroeste,TOTAL,0.00,3.94,2.13,3.29,0.00,3.41,0.00,2022-01
664,2022,1,Total Cuenca,FIRME,2.00,3.43,2.72,2.61,2.40,2.62,4.83,2022-01
665,2022,1,Total Cuenca,INTERRUMPIBLE,0.00,3.24,2.69,3.06,2.00,3.01,4.17,2022-01
666,2022,1,Total Cuenca,TOTAL,2.00,3.37,2.72,2.71,2.08,2.67,4.66,2022-01
667,2022,2,Austral Santa Cruz,FIRME,2.31,3.35,2.61,2.49,0.00,2.49,3.61,2022-02
668,2022,2,Austral Santa Cruz,INTERRUMPIBLE,0.00,0.00,2.63,3.13,2.00,3.08,0.00,2022-02
669,2022,2,Austral Santa Cruz,TOTAL,2.31,3.35,2.61,2.59,2.00,2.57,3.61,2022-02
670,2022,2,Austral Tierra del Fuego,FIRME,2.10,3.36,2.63,2.56,0.00,2.50,3.90,2022-02
671,2022,2,Austral Tierra del Fuego,INTERRUMPIBLE,0.00,0.00,2.61,3.05,0.00,3.03,3.79,2022-02
672,2022,2,Austral Tierra del Fuego,TOTAL,2.10,3.36,2.63,2.61,0.00,2.52,3.87,2022-02
673,2022,2,Golfo de San Jorge,FIRME,2.76,3.22,2.83,2.78,0.00,2.80,0.00,2022-02
674,2022,2,Golfo de San Jorge,INTERRUMPIBLE,0.00,0.00,0.00,2.94,0.00,2.94,0.00,2022-02
675,2022,2,Golfo de San Jorge,TOTAL,2.76,3.22,2.83,2.79,0.00,2.81,0.00,2022-02
676,2022,2,Neuquina,FIRME,1.79,3.33,2.71,2.59,0.00,2.54,5.25,2022-02
677,2022,2,Neuquina,INTERRUMPIBLE,0.00,3.19,2.75,3.12,0.00,3.13,4.13,2022-02
678,2022,2,Neuquina,TOTAL,1.79,3.28,2.71,2.73,0.00,2.62,5.02,2022-02
679,2022,2,Noroeste,FIRME,0.00,4.01,0.00,3.16,0.00,3.32,0.00,2022-02
680,2022,2,Noroeste,INTERRUMPIBLE,0.00,3.74,0.00,3.73,0.00,3.73,0.00,2022-02
681,2022,2,Noroeste,TOTAL,0.00,3.94,0.00,3.29,0.00,3.42,0.00,2022-02
682,2022,2,Total Cuenca,FIRME,1.93,3.46,2.69,2.63,0.00,2.57,4.78,2022-02
683,2022,2,Total Cuenca,INTERRUMPIBLE,0.00,3.25,2.62,3.17,2.00,3.17,4.09,2022-02
684,2022,2,Total Cuenca,TOTAL,1.93,3.38,2.69,2.75,2.00,2.64,4.66,2022-02
685,2022,3,Austral Santa Cruz,FIRME,2.40,3.25,2.59,2.50,0.00,2.51,3.58,2022-03
686,2022,3,Austral Santa Cruz,INTERRUMPIBLE,0.00,0.00,0.00,2.91,2.02,2.88,0.00,2022-03
687,2022,3,Austral Santa Cruz,TOTAL,2.40,3.25,2.59,2.56,2.02,2.55,3.58,2022-03
688,2022,3,Austral Tierra del Fuego,FIRME,2.09,3.29,2.59,2.52,0.00,2.45,3.76,2022-03
689,2022,3,Austral Tierra del Fuego,INTERRUMPIBLE,0.00,0.00,0.00,3.52,0.00,3.52,3.70,2022-03
690,2022,3,Austral Tierra del Fuego,TOTAL,2.09,3.29,2.59,2.71,0.00,2.51,3.74,2022-03
691,2022,3,Golfo de San Jorge,FIRME,2.81,3.38,2.82,2.85,0.00,2.84,0.00,2022-03
692,2022,3,Golfo de San Jorge,INTERRUMPIBLE,0.00,0.00,0.00,6.36,0.00,6.36,0.00,2022-03
693,2022,3,Golfo de San Jorge,TOTAL,2.81,3.38,2.82,3.05,0.00,2.94,0.00,2022-03
694,2022,3,Neuquina,FIRME,1.73,3.23,2.67,2.59,0.00,2.50,5.14,2022-03
695,2022,3,Neuquina,INTERRUMPIBLE,0.00,3.05,2.71,3.41,0.00,3.37,4.13,2022-03
696,2022,3,Neuquina,TOTAL,1.73,3.19,2.67,2.80,0.00,2.60,4.96,2022-03
697,2022,3,Noroeste,FIRME,0.00,3.90,0.00,3.15,0.00,3.29,0.00,2022-03
698,2022,3,Noroeste,INTERRUMPIBLE,0.00,3.61,0.00,4.05,0.00,3.96,0.00,2022-03
699,2022,3,Noroeste,TOTAL,0.00,3.84,0.00,3.33,0.00,3.42,0.00,2022-03
700,2022,3,Total Cuenca,FIRME,1.89,3.33,2.66,2.64,0.00,2.54,4.74,2022-03
701,2022,3,Total Cuenca,INTERRUMPIBLE,0.00,3.13,2.71,3.47,2.02,3.42,4.09,2022-03
702,2022,3,Total Cuenca,TOTAL,1.89,3.29,2.66,2.82,2.02,2.63,4.64,2022-03
703,2022,4,Austral Santa Cruz,FIRME,2.33,3.11,2.52,2.45,0.00,2.44,3.58,2022-04
704,2022,4,Austral Santa Cruz,INTERRUMPIBLE,0.00,0.00,0.00,3.35,2.01,3.33,0.00,2022-04
705,2022,4,Austral Santa Cruz,TOTAL,2.33,3.11,2.52,2.58,2.01,2.53,3.58,2022-04
706,2022,4,Austral Tierra del Fuego,FIRME,2.05,3.15,2.58,2.59,0.00,2.39,3.76,2022-04
707,2022,4,Austral Tierra del Fuego,INTERRUMPIBLE,0.00,0.00,0.00,6.58,0.00,6.58,3.69,2022-04
708,2022,4,Austral Tierra del Fuego,TOTAL,2.05,3.15,2.58,3.17,0.00,2.56,3.74,2022-04
709,2022,4,Golfo de San Jorge,FIRME,2.82,3.53,2.78,2.79,0.00,2.80,0.00,2022-04
710,2022,4,Golfo de San Jorge,INTERRUMPIBLE,0.00,0.00,0.00,7.22,0.00,7.22,0.00,2022-04
711,2022,4,Golfo de San Jorge,TOTAL,2.82,3.53,2.78,3.15,0.00,2.97,0.00,2022-04
712,2022,4,Neuquina,FIRME,1.76,3.12,2.64,2.61,0.00,2.43,5.11,2022-04
713,2022,4,Neuquina,INTERRUMPIBLE,0.00,2.94,2.69,4.11,0.00,3.97,4.12,2022-04
714,2022,4,Neuquina,TOTAL,1.76,3.08,2.64,3.03,0.00,2.61,4.96,2022-04
715,2022,4,Noroeste,FIRME,0.00,3.75,0.00,3.11,0.00,3.24,0.00,2022-04
716,2022,4,Noroeste,INTERRUMPIBLE,0.00,3.48,0.00,4.41,0.00,4.22,0.00,2022-04
717,2022,4,Noroeste,TOTAL,0.00,3.70,0.00,3.37,0.00,3.44,0.00,2022-04
718,2022,4,Total Cuenca,FIRME,1.91,3.22,2.63,2.64,0.00,2.47,4.70,2022-04
719,2022,4,Total Cuenca,INTERRUMPIBLE,0.00,3.02,2.69,4.31,2.01,4.17,4.06,2022-04
720,2022,4,Total Cuenca,TOTAL,1.91,3.18,2.63,3.03,2.01,2.65,4.62,2022-04
721,2022,5,Austral Santa Cruz,FIRME,3.28,3.81,3.91,4.09,0.00,3.89,0.00,2022-05
722,2022,5,Austral Santa Cruz,INTERRUMPIBLE,0.00,0.00,0.00,5.38,4.52,5.33,0.00,2022-05
723,2022,5,Austral Santa Cruz,TOTAL,3.28,3.81,3.91,4.27,4.52,4.03,0.00,2022-05
724,2022,5,Austral Tierra del Fuego,FIRME,2.55,3.85,3.92,5.79,0.00,3.80,0.00,2022-05
725,2022,5,Austral Tierra del Fuego,INTERRUMPIBLE,0.00,0.00,3.93,6.67,0.00,6.38,0.00,2022-05
726,2022,5,Austral Tierra del Fuego,TOTAL,2.55,3.85,3.92,5.86,0.00,3.85,0.00,2022-05
727,2022,5,Golfo de San Jorge,FIRME,4.31,3.92,4.23,4.25,0.00,4.26,0.00,2022-05
728,2022,5,Golfo de San Jorge,INTERRUMPIBLE,0.00,0.00,4.25,6.53,0.00,6.29,0.00,2022-05
729,2022,5,Golfo de San Jorge,TOTAL,4.31,3.92,4.23,4.37,0.00,4.32,0.00,2022-05
730,2022,5,Neuquina,FIRME,2.38,3.66,3.99,4.50,0.00,3.42,0.00,2022-05
731,2022,5,Neuquina,INTERRUMPIBLE,0.00,0.00,4.13,4.20,0.00,4.20,7.46,2022-05
732,2022,5,Neuquina,TOTAL,2.38,3.66,4.00,4.42,0.00,3.48,7.46,2022-05
733,2022,5,Noroeste,FIRME,0.00,4.47,0.00,6.11,0.00,5.73,0.00,2022-05
734,2022,5,Noroeste,INTERRUMPIBLE,0.00,4.08,0.00,7.37,0.00,5.40,0.00,2022-05
735,2022,5,Noroeste,TOTAL,0.00,4.36,0.00,6.20,0.00,5.69,0.00,2022-05
736,2022,5,Total Cuenca,FIRME,2.49,3.76,3.98,4.69,0.00,3.60,0.00,2022-05
737,2022,5,Total Cuenca,INTERRUMPIBLE,0.00,4.08,4.08,4.49,4.52,4.47,7.46,2022-05
738,2022,5,Total Cuenca,TOTAL,2.49,3.78,3.98,4.65,4.52,3.67,7.46,2022-05
739,2022,6,Austral Santa Cruz,FIRME,3.16,3.68,0.00,4.36,0.00,3.92,0.00,2022-06
740,2022,6,Austral Santa Cruz,INTERRUMPIBLE,0.00,0.00,3.84,5.18,4.20,5.11,0.00,2022-06
741,2022,6,Austral Santa Cruz,TOTAL,3.16,3.68,3.84,4.46,4.20,4.01,0.00,2022-06
742,2022,6,Austral Tierra del Fuego,FIRME,2.72,3.64,3.88,5.99,0.00,3.75,0.00,2022-06
743,2022,6,Austral Tierra del Fuego,INTERRUMPIBLE,0.00,0.00,3.87,5.99,0.00,5.36,0.00,2022-06
744,2022,6,Austral Tierra del Fuego,TOTAL,2.72,3.64,3.88,5.99,0.00,3.88,0.00,2022-06
745,2022,6,Golfo de San Jorge,FIRME,4.25,3.78,4.20,4.43,0.00,4.34,0.00,2022-06
746,2022,6,Golfo de San Jorge,INTERRUMPIBLE,0.00,0.00,4.23,4.54,0.00,4.42,0.00,2022-06
747,2022,6,Golfo de San Jorge,TOTAL,4.25,3.78,4.21,4.43,0.00,4.34,0.00,2022-06
748,2022,6,Neuquina,FIRME,2.62,3.59,3.89,4.54,0.00,3.35,7.61,2022-06
749,2022,6,Neuquina,INTERRUMPIBLE,0.00,3.33,3.85,4.35,0.00,4.22,7.46,2022-06
750,2022,6,Neuquina,TOTAL,2.62,3.53,3.89,4.49,0.00,3.43,7.48,2022-06
751,2022,6,Noroeste,FIRME,0.00,4.32,0.00,6.10,0.00,5.68,0.00,2022-06
752,2022,6,Noroeste,INTERRUMPIBLE,0.00,3.88,0.00,6.14,0.00,4.63,0.00,2022-06
753,2022,6,Noroeste,TOTAL,0.00,4.20,0.00,6.10,0.00,5.56,0.00,2022-06
754,2022,6,Total Cuenca,FIRME,2.71,3.70,3.90,4.75,0.00,3.55,7.61,2022-06
755,2022,6,Total Cuenca,INTERRUMPIBLE,0.00,3.44,3.91,4.63,4.20,4.45,7.46,2022-06
756,2022,6,Total Cuenca,TOTAL,2.71,3.64,3.90,4.72,4.20,3.63,7.48,2022-06
757,2022,8,Austral Santa Cruz,FIRME,3.27,3.79,0.00,4.85,0.00,4.30,0.00,2022-08
758,2022,8,Austral Santa Cruz,INTERRUMPIBLE,0.00,0.00,3.92,5.22,4.29,5.08,0.00,2022-08
759,2022,8,Austral Santa Cruz,TOTAL,3.27,3.79,3.92,4.88,4.29,4.35,0.00,2022-08
760,2022,8,Austral Tierra del Fuego,FIRME,2.76,3.74,3.92,6.21,0.00,3.73,0.00,2022-08
761,2022,8,Austral Tierra del Fuego,INTERRUMPIBLE,0.00,0.00,3.96,6.91,0.00,5.24,0.00,2022-08
762,2022,8,Austral Tierra del Fuego,TOTAL,2.76,3.74,3.92,6.38,0.00,3.87,0.00,2022-08
763,2022,8,Golfo de San Jorge,FIRME,4.23,3.86,4.18,4.48,0.00,4.35,0.00,2022-08
764,2022,8,Golfo de San Jorge,INTERRUMPIBLE,0.00,0.00,4.20,4.44,0.00,4.33,0.00,2022-08
765,2022,8,Golfo de San Jorge,TOTAL,4.23,3.86,4.19,4.47,0.00,4.34,0.00,2022-08
766,2022,8,Neuquina,FIRME,2.63,3.62,4.01,4.52,0.00,3.39,7.61,2022-08
767,2022,8,Neuquina,INTERRUMPIBLE,0.00,3.35,4.06,4.00,0.00,3.92,7.67,2022-08
768,2022,8,Neuquina,TOTAL,2.63,3.56,4.01,4.39,0.00,3.44,7.67,2022-08
769,2022,8,Noroeste,FIRME,0.00,4.39,0.00,6.07,0.00,5.63,0.00,2022-08
770,2022,8,Noroeste,INTERRUMPIBLE,0.00,3.91,4.23,5.17,0.00,4.39,0.00,2022-08
771,2022,8,Noroeste,TOTAL,0.00,4.28,4.23,6.00,0.00,5.47,0.00,2022-08
772,2022,8,Total Cuenca,FIRME,2.73,3.76,3.99,4.81,0.00,3.60,7.61,2022-08
773,2022,8,Total Cuenca,INTERRUMPIBLE,0.00,3.46,4.04,4.39,4.29,4.22,7.67,2022-08
774,2022,8,Total Cuenca,TOTAL,2.73,3.70,3.99,4.72,4.29,3.66,7.67,2022-08
